model,term,coefficient,se_hc1,r_squared,n
log_wage_only,intercept,-7.482124644921673,2.01364052869898,0.0284757415810597,585
log_wage_only,log_wage,0.38378931446495557,0.18484631790283484,0.0284757415810597,585
log_wage_frontline,intercept,-7.776647464777071,2.268557714692473,0.030155121032268695,585
log_wage_frontline,log_wage,0.40791871691102827,0.206326533562155,0.030155121032268695,585
log_wage_frontline,frontline,0.18565227335229306,0.1901071198430718,0.030155121032268695,585
