occ_code,occupation_title,observed_exposure,theoretical_exposure,human_theoretical_exposure,annual_mean_wage,total_employment,computer_use_score,physical_presence_index,customer_facing_index,education_index,task_usage_pct,frontline_origin_task_usage_pct,major_group,frontline_soc,calibrated_employment_pct,any_ai_use,log_wage,ai_access_gap,frontline_physical,frontline_customer
11-1011,Chief Executives,0.0333,0.8822222222222222,0.6211111111111112,258900.0,211230.0,4.16,2.0925,4.456666666666667,7.4725,0.391325636869709,0.0,11,0,0.139101231835079,1.0,12.464197165739629,0.8489222222222222,0.0,1.0
11-1021,General and Operations Managers,0.1378,0.9615384615384616,0.6538461538461539,129330.0,3507810.0,4.46,2.62,4.66,3.6732,0.12489951742178067,0.0,11,0,2.309997121826485,1.0,11.77012255640929,0.8237384615384615,0.0,1.0
11-1031,Legislators,0.0,0.7666666666666666,0.7666666666666666,68140.0,32460.0,,,,,0.0315521841704915,0.0,11,0,0.02137587456974229,0.0,11.129319691214958,0.7666666666666666,,
11-2011,Advertising and Promotions Managers,0.1731,0.9534883720930232,0.8372093023255813,152620.0,20630.0,4.61,2.055,4.580000000000001,5.206999999999999,0.3021678052510163,0.0,11,0,0.01358546803369635,1.0,11.935706450843623,0.7803883720930231,0.0,1.0
11-2021,Marketing Managers,0.3195,0.9375,0.9375,166410.0,368940.0,4.4,1.82,4.54,6.680499999999999,0.13066008216660047,0.0,11,0,0.24295795328899325,1.0,12.02220990171739,0.618,0.0,1.0
11-2022,Sales Managers,0.0433,0.9,0.8666666666666667,157610.0,575880.0,4.29,1.9525,4.740000000000001,5.6666,0.03796735854540481,0.0,11,0,0.3792340926439677,1.0,11.967878906169586,0.8567,0.0,1.0
11-2032,Public Relations Managers,0.2315,0.95,0.9,159420.0,72760.0,,,,,0.12339391527256637,0.0,11,0,0.047914622110118585,1.0,11.979297507981915,0.7184999999999999,,
11-2033,,,1.0,0.75,133620.0,31810.0,4.14,1.5825,4.766666666666667,5.786299999999999,0.12339391527256637,0.0,11,0,0.02094783025457493,,11.802755229479468,,0.0,1.0
11-3012,Administrative Services Managers,0.0,0.6956521739130435,0.7391304347826086,121200.0,242520.0,4.15,2.165,4.506666666666667,3.963203679632036,0.0010473754081490952,0.0,11,0,0.15970662663752003,0.0,11.70519735261735,0.6956521739130435,0.0,1.0
11-3013,Facilities Managers,0.1345,0.7646103896103895,0.637987012987013,111110.0,131400.0,3.995,2.70625,4.3950000000000005,5.195840207989601,0.262629383593388,0.0,11,0,0.08653080463537083,1.0,11.618275980578055,0.6301103896103895,0.0,0.0
11-3021,Computer and Information Systems Managers,0.1559,0.9393939393939394,0.8181818181818182,180720.0,592600.0,4.9,1.51,4.076666666666667,5.55085508550855,0.14493057210263216,0.0,11,0,0.39024470948950346,1.0,12.104704151141885,0.7834939393939394,0.0,0.0
11-3031,Financial Managers,0.3907,0.9701104613385315,0.7861412791237351,174820.0,787340.0,4.403333333333333,1.3758333333333332,4.13,6.572461835877609,0.41698633436936156,0.0,11,0,0.5184867863136443,1.0,12.07151215213448,0.5794104613385316,0.0,0.0
11-3051,Industrial Production Managers,0.0132,0.7406923003621116,0.5285008099866589,125900.0,222890.0,4.301666666666667,3.05625,4.3,4.689617814224045,0.043858845216243454,0.0,11,0,0.14677968831946578,1.0,11.743243220032438,0.7274923003621117,0.0,0.0
11-3061,Purchasing Managers,0.2004,0.9428571428571428,0.8285714285714285,146710.0,77530.0,4.37,1.775,4.45,5.316,0.03403970076484582,0.0,11,0,0.05105580885373136,1.0,11.89621312813369,0.7424571428571428,0.0,1.0
11-3071,"Transportation, Storage, and Distribution Managers",0.0956,0.9551948051948052,0.7839285714285713,111870.0,198780.0,4.05,2.58625,4.385000000000001,6.4286,0.163914251375334,0.0,11,0,0.13090253687533496,1.0,11.625092761840977,0.8595948051948051,0.0,0.0
11-3111,Compensation and Benefits Managers,0.0,0.894736842105263,0.7368421052631579,150940.0,18690.0,4.33,1.365,4.09,6.380999999999999,0.09125258243499038,0.0,11,0,0.01230792038535069,0.0,11.92463768583886,0.894736842105263,0.0,0.0
11-3121,Human Resources Managers,0.0,0.92,0.76,154740.0,200600.0,4.23,1.8725,4.329999999999999,6.045395460453954,0.04071671899179632,0.0,11,0,0.13210106095780355,0.0,11.949501568103445,0.92,0.0,0.0
11-3131,Training and Development Managers,0.3777,0.9090909090909092,0.9090909090909092,138450.0,41540.0,4.71,1.59,3.8300000000000005,6.5,0.06087869559866647,0.0,11,0,0.02735532438777248,1.0,11.838264528599108,0.5313909090909092,0.0,0.0
11-9013,"Farmers, Ranchers, and Other Agricultural Managers",0.0,0.6938775510204082,0.3877551020408163,90160.0,6150.0,3.09,3.8125,4.126666666666666,,0.05485628700180898,0.0,11,0,0.0040499577511988625,0.0,11.409341148713658,0.6938775510204082,1.0,0.0
11-9021,Construction Managers,0.1186,0.8444444444444444,0.6,116960.0,329190.0,3.7,3.5625,4.3933333333333335,4.5,0.0895505973967481,0.0,11,0,0.2167813970922201,1.0,11.669587274983606,0.7258444444444444,1.0,0.0
11-9031,"Education and Childcare Administrators, Preschool and Daycare",0.0395,0.875,0.75,61320.0,64090.0,3.57,2.045,4.543333333333333,4.1392,0.1344568180211412,0.0,11,0,0.04220516947550165,1.0,11.023861332985751,0.8355,0.0,1.0
11-9032,"Education Administrators, Kindergarten through Secondary",0.0525,0.8181818181818181,0.6363636363636364,111020.0,302580.0,4.12,2.9325,4.59,7.6813,0.43950490564456807,0.0,11,0,0.19925792135898407,1.0,11.617465644244152,0.7656818181818181,0.0,1.0
11-9033,"Education Administrators, Postsecondary",0.0644,0.8536585365853658,0.6097560975609756,122010.0,167270.0,4.04,1.8524999999999998,4.306666666666667,9.2528,0.05276153618551089,0.0,11,0,0.11015226553545265,1.0,11.71185828756938,0.7892585365853658,0.0,0.0
11-9039,,,,,100720.0,50690.0,,,,,0.033516013060771344,0.0,11,0,0.03338087128589762,,11.52009966871823,,,
11-9041,Architectural and Engineering Managers,0.0306,0.8334975369458129,0.6044334975369459,172290.0,207800.0,4.57,2.2512499999999998,4.205000000000001,6.96124806240312,0.12241200082742644,0.0,11,0,0.13684247491042661,1.0,12.056934382526451,0.8028975369458129,0.0,0.0
11-9051,Food Service Managers,0.0,0.7708333333333333,0.6041666666666666,69580.0,246070.0,3.26,3.0125,4.76,3.0893089308930897,0.023173180905298837,0.0,11,0,0.16204440712804946,0.0,11.150232448705934,0.7708333333333333,0.0,1.0
11-9071,Gambling Managers,0.0,0.8235294117647058,0.7058823529411764,98270.0,4590.0,4.05,2.385,4.78,2.9372000000000003,0.008640847117230047,0.0,11,0,0.0030226513947972,0.0,11.495474071356472,0.8235294117647058,0.0,1.0
11-9072,,,0.5294117647058824,0.5294117647058824,84080.0,29690.0,4.34,2.8875,4.669999999999999,5.490350964903509,0.0,0.0,11,0,0.0195517472574137,,11.339524005550834,,0.0,1.0
11-9081,Lodging Managers,0.1215,0.8695652173913043,0.5,76790.0,41980.0,4.27,2.08,4.736666666666666,4.8898110188981105,0.027755448315950944,0.0,11,0,0.027645077462655,1.0,11.248829702324588,0.7480652173913043,0.0,1.0
11-9111,Medical and Health Services Managers,0.0659,0.8571428571428571,0.6285714285714286,134440.0,515100.0,4.56,1.625,4.5,6.250125012501252,0.06768663575163551,0.0,11,0,0.33920865652724136,1.0,11.808873281839041,0.7912428571428571,0.0,1.0
11-9121,Natural Sciences Managers,0.0613,0.9498415323136283,0.7286160488723531,169120.0,96520.0,4.31,1.9525000000000001,4.174444444444444,6.940498016600553,0.16404517330135265,0.0,11,0,0.06356128815377467,1.0,12.038363801104065,0.8885415323136283,0.0,0.0
11-9131,Postmasters and Mail Superintendents,0.0,0.9047619047619048,0.6666666666666666,89770.0,13810.0,4.29,2.7925,4.806666666666666,3.0267026702670266,0.0,0.0,11,0,0.009094295373017284,0.0,11.405006122750734,0.9047619047619048,0.0,1.0
11-9141,"Property, Real Estate, and Community Association Managers",0.1653,0.8863636363636364,0.6590909090909091,78400.0,284120.0,4.2,2.545,4.546666666666666,5.35,0.0792077652412755,0.0,11,0,0.18710146280823103,1.0,11.269579206338499,0.7210636363636364,0.0,1.0
11-9151,Social and Community Service Managers,0.1808,0.7142857142857142,0.6428571428571428,83400.0,173650.0,4.23,1.8275,4.553333333333334,6.307330733073306,0.021602117793075117,0.0,11,0,0.1143536851212492,1.0,11.331403588346838,0.5334857142857142,0.0,1.0
11-9161,Emergency Management Directors,0.0,0.8444444444444444,0.8,93690.0,11910.0,4.35,2.5700000000000003,4.3566666666666665,5.954404559544045,0.007331627857043615,0.0,11,0,0.00784308891329731,0.0,11.447746738945234,0.8444444444444444,0.0,0.0
11-9171,Funeral Home Managers,0.0108,0.7142857142857142,0.7857142857142857,84800.0,14200.0,4.29,3.045,4.773333333333333,4.0245,0.08549201769017056,0.0,11,0,0.0093511219621177,1.0,11.348050821779994,0.7034857142857142,0.0,1.0
11-9179,"Personal Service Managers, All Other",0.1244,0.7417184265010353,0.5357142857142857,62980.0,11170.0,3.9299999999999997,2.17375,4.646666666666666,5.513924303784811,0.14165752395216608,0.0789459213892386,11,0,0.0073557769237221635,1.0,11.050572494655016,0.6173184265010353,0.0,1.0
11-9199,"Managers, All Other",0.0686,0.9112569474915899,0.7128180094733407,146320.0,589750.0,4.283333333333333,2.262916666666667,4.176111111111111,5.7106977984434115,0.48977892523572475,0.0,11,0,0.3883678997999235,1.0,11.893551283064747,0.8426569474915899,0.0,0.0
13-1011,"Agents and Business Managers of Artists, Performers, and Athletes",0.118,0.9130434782608696,0.4347826086956521,132810.0,12870.0,3.7,1.42,4.113333333333333,4.699,0.11966264038103513,0.0,13,0,0.00847523641258315,1.0,11.796674814394297,0.7950434782608696,0.0,0.0
13-1020,,,,,77850.0,477980.0,,,,,0.0,0.0,13,0,0.3147625097503104,,11.262539177262145,,,
13-1021,,,1.0,0.4444444444444444,,,3.61,2.1950000000000003,4.6466666666666665,5.4675,0.008379003265192761,0.0,13,0,,,,,0.0,1.0
13-1022,,,0.9,0.7,,,4.02,1.99,4.473333333333334,3.940199999999999,0.025006087869559743,0.0,13,0,,,,,0.0,1.0
13-1023,,,0.894736842105263,0.5789473684210527,,,4.32,1.8449999999999998,4.403333333333333,5.4,0.06703202612154248,0.0,13,0,,,,,0.0,0.0
13-1031,"Claims Adjusters, Examiners, and Investigators",0.0818,0.96,0.8,75770.0,293780.0,4.68,1.5575,4.463333333333334,5.248224822482248,0.024744244017522454,0.0,13,0,0.19346192333245363,1.0,11.235457714925419,0.8782,0.0,1.0
13-1032,"Insurance Appraisers, Auto Damage",0.0,1.0,0.8571428571428571,75660.0,8670.0,4.68,2.83,4.723333333333334,3.4155,0.0020947508162981903,0.0,13,0,0.005709424995889349,0.0,11.23400489818702,1.0,0.0,1.0
13-1041,Compliance Officers,0.1211,0.8183125008857741,0.7157245309581854,80190.0,383620.0,4.272857142857143,2.415,4.425238095238096,5.254416666666667,0.21575933407871473,0.0,13,0,0.25262394658858967,1.0,11.292154097801074,0.6972125008857741,0.0,1.0
13-1051,Cost Estimators,0.0,1.0,0.8076923076923077,79520.0,220970.0,4.57,1.6275,3.6333333333333333,5.818118188181183,0.021863961645112402,0.0,13,0,0.14551460684448322,0.0,11.283763841330456,1.0,0.0,0.0
13-1071,Human Resources Specialists,0.4034,0.9555555555555556,0.8,76060.0,895970.0,4.55,1.5699999999999998,4.466666666666666,5.767,0.14244305550827793,0.0,13,0,0.5900200130988443,1.0,11.23927778148225,0.5521555555555556,0.0,1.0
13-1074,Farm Labor Contractors,0.0,0.2857142857142857,0.0,51400.0,460.0,2.54,3.2024999999999997,3.8766666666666665,1.710628937106289,0.0,0.0,13,0,0.00030292220278074983,0.0,10.847393451443256,0.2857142857142857,0.0,0.0
13-1075,Labor Relations Specialists,0.0,0.9245283018867924,0.7735849056603773,94620.0,62800.0,3.52,1.8475000000000001,3.9700000000000006,6.047614284285286,0.02631530712974607,0.0,13,0,0.04135546594485019,0.0,11.45762414918514,0.9245283018867924,0.0,0.0
13-1081,Logisticians,0.1571,0.9696969696969697,0.8425566489121602,84640.0,228470.0,4.453333333333333,2.2408333333333337,4.191111111111112,5.806846210252651,0.31761659252121466,0.0,13,0,0.150453555802865,1.0,11.346162247092126,0.8125969696969697,0.0,0.0
13-1082,,,1.0,0.75,104920.0,947630.0,,,,,0.0,0.0,13,0,0.6240394935241781,,11.56095343398081,,,
13-1111,Management Analysts,0.2435,0.7142857142857142,0.8095238095238095,115530.0,838140.0,4.29,1.8499999999999999,4.203333333333333,6.381038103810382,0.21562841215269676,0.0,13,0,0.5519374239970818,1.0,11.657285515477064,0.4707857142857142,0.0,0.0
13-1121,"Meeting, Convention, and Event Planners",0.1023,0.8648648648648649,0.6486486486486487,62280.0,122130.0,4.43,2.3550000000000004,4.84,4.6675,0.0706978400500643,0.0,13,0,0.08042584483828907,1.0,11.039395625947934,0.7625648648648649,0.0,1.0
13-1131,Fundraisers,0.0466,0.8846153846153847,0.7307692307692308,70760.0,101730.0,4.38,1.9775,4.763333333333334,6.142799999999999,0.062318836784871434,0.0,13,0,0.06699190367149059,1.0,11.16704914827372,0.8380153846153847,0.0,1.0
13-1141,"Compensation, Benefits, and Job Analysis Specialists",0.0649,0.8684210526315789,0.631578947368421,80620.0,99850.0,4.19,1.485,4.0,5.904790479047905,0.42876930771104005,0.0,13,0,0.06575387379925623,1.0,11.297502036671156,0.8035210526315789,0.0,0.0
13-1151,Training and Development Specialists,0.2793,1.0,0.763157894736842,71980.0,403480.0,4.04,1.9025,4.043333333333333,5.478052194780521,0.06035500789459199,0.0,13,0,0.26570228343038466,1.0,11.184143581633021,0.7207,0.0,0.0
13-1161,Market Research Analysts and Marketing Specialists,0.6483,1.0,0.9615384615384617,83190.0,846370.0,4.720000000000001,1.3625,3.6116666666666664,5.912954352282386,0.6614175702461591,0.0,13,0,0.5573570973207461,1.0,11.328882427277934,0.3517,0.0,0.0
13-1199,"Business Operations Specialists, All Other",0.1846,0.9415292353823088,0.8098616197127917,89130.0,1103440.0,4.415,2.011875,4.078333333333333,5.6262686865656715,0.8652630090571783,0.0,13,0,0.7266445118182403,1.0,11.397851257124763,0.7569292353823088,0.0,0.0
13-2011,Accountants and Auditors,0.3478,1.0,0.84,90780.0,1435770.0,4.45,1.5025000000000002,4.34,,0.5610004529898641,0.0,13,0,0.9454926327967764,1.0,11.416194276010456,0.6522,0.0,0.0
13-2020,,,,,76110.0,62090.0,,,,,0.0,0.0,13,0,0.04088791211012338,,11.239934941261437,,,
13-2022,,,1.0,0.7857142857142857,,,4.39,2.2800000000000002,3.8466666666666662,6.087291270872912,0.0,0.0,13,0,,,,,0.0,0.0
13-2023,,,0.9642857142857142,0.7321428571428571,,,4.52,2.8425,3.7733333333333334,5.227077292270773,0.04700097144069068,0.0,13,0,,,,,0.0,0.0
13-2031,Budget Analysts,0.0672,0.96,0.96,90880.0,47310.0,4.48,1.4625,4.276666666666666,5.601639836016398,0.029326511428174766,0.0,13,0,0.031154890029472332,1.0,11.41729523395498,0.8927999999999999,0.0,0.0
13-2041,Credit Analysts,0.1685,1.0,0.8888888888888888,94750.0,73200.0,4.45,1.285,3.5933333333333333,6.1,0.021733039719093763,0.0,13,0,0.04820414183380627,1.0,11.458997122944673,0.8315,0.0,0.0
13-2051,Financial and Investment Analysts,0.5716,0.9230769230769232,0.8461538461538463,112950.0,325220.0,,,,,0.3366002717939182,0.0,13,0,0.2141659973659901,1.0,11.63470052189615,0.35147692307692324,,
13-2052,Personal Financial Advisors,0.3504,0.9473684210526316,0.9473684210526316,150670.0,272190.0,4.62,1.24,3.963333333333333,6.2309,0.26132016433320154,0.0,13,0,0.17924433559759193,1.0,11.922847293795334,0.5969684210526316,0.0,0.0
13-2053,Insurance Underwriters,0.0625,1.0,0.8571428571428571,85610.0,101310.0,4.41,1.3900000000000001,4.1499999999999995,5.3999,0.01544878727019909,0.0,13,0,0.06671532252982122,1.0,11.357557377736532,0.9375,0.0,0.0
13-2054,Financial Risk Specialists,0.2649,1.0,0.9333333333333332,118950.0,55290.0,,,,,0.28095845323599683,0.0,13,0,0.03640993172119056,1.0,11.686458515731104,0.7351,,
13-2061,Financial Examiners,0.0428,0.9393939393939394,0.8484848484848485,98140.0,63440.0,4.09,1.37,4.203333333333334,6.173982601739827,0.08457556420804017,0.0,13,0,0.0417769229226321,1.0,11.494150309643894,0.8965939393939395,0.0,0.0
13-2071,Credit Counselors,0.2341,0.9772727272727272,0.931818181818182,53440.0,27950.0,4.39,1.4575,4.006666666666667,4.0,0.4897789252357253,0.0,13,0,0.01840581645156947,1.0,10.886314808210527,0.7431727272727272,0.0,0.0
13-2072,Loan Officers,0.1857,0.9772727272727272,0.9545454545454546,84490.0,321090.0,4.24,1.9925000000000002,4.756666666666667,5.397599999999999,0.1945499820636956,0.0,13,0,0.2114462828062412,1.0,11.34438846314689,0.7915727272727272,0.0,1.0
13-2081,"Tax Examiners and Collectors, and Revenue Agents",0.0275,0.967741935483871,0.9032258064516128,65370.0,50250.0,4.77,1.4075000000000002,4.386666666666667,4.627037296270372,0.03862196817549793,0.0,13,0,0.03309095802115799,1.0,11.087818716606776,0.940241935483871,0.0,0.0
13-2082,Tax Preparers,0.1283,1.0,1.0,58160.0,81650.0,4.67,1.4324999999999999,3.9233333333333333,3.6190380961903807,0.11691327993464373,0.0,13,0,0.053768690993583085,1.0,10.9709531122074,0.8717,0.0,0.0
13-2099,"Financial Specialists, All Other",0.2202,0.9318181818181819,0.9318181818181819,89650.0,122730.0,4.58,1.6412499999999999,3.7516666666666665,6.76655,0.48545850167710974,0.0,13,0,0.0808209607549596,1.0,11.403668479033279,0.7116181818181819,0.0,0.0
15-1211,Computer Systems Analysts,0.2763,0.9407308377896613,0.8663101604278075,110800.0,498810.0,4.859999999999999,1.6437499999999998,3.9333333333333336,6.3575857585758575,2.4996923334738597,0.0,15,0,0.32848090301492305,1.0,11.61548205329532,0.6644308377896613,0.0,0.0
15-1212,Information Security Analysts,0.4859,0.9565217391304348,1.0,124740.0,175350.0,4.7,1.8725,3.8866666666666667,5.897499999999999,0.18852757346683882,0.0,15,0,0.11547307861443588,1.0,11.733986850080113,0.4706217391304348,0.0,0.0
15-1221,Computer and Information Research Scientists,0.3404,0.8846153846153847,0.7692307692307693,157160.0,35210.0,4.97,1.3925,4.263333333333334,8.025799999999998,0.5879703697497042,0.0,15,0,0.023186809797629243,1.0,11.965019673672396,0.5442153846153848,0.0,0.0
15-1231,Computer Network Support Specialists,0.2867,0.8076923076923077,0.8461538461538463,78640.0,158720.0,4.95,2.0925,4.343333333333333,5.1009,0.3339818332735455,0.0,15,0,0.10452173959328921,1.0,11.272635754821048,0.5209923076923078,0.0,0.0
15-1232,Computer User Support Specialists,0.4685,0.7777777777777777,0.8518518518518519,63640.0,689700.0,4.78,1.8699999999999999,3.74,5.0099,0.2067257211834293,0.0,15,0,0.45418752392572814,1.0,11.060997482451723,0.30927777777777765,0.0,0.0
15-1241,Computer Network Architects,0.1987,0.9155585106382979,0.8573803191489362,133930.0,174100.0,4.615,2.2275,4.0683333333333325,5.1975901204939765,0.360297140403291,0.0,15,0,0.11464991723281032,1.0,11.805072554381168,0.7168585106382979,0.0,0.0
15-1242,Database Administrators,0.3315,1.0,0.9032258064516128,104810.0,76140.0,4.83,1.7325,3.15,5.9815999999999985,0.5915707227152167,0.0,15,0,0.05014040607757712,1.0,11.559904466164223,0.6685,0.0,0.0
15-1243,Database Architects,0.5787,1.0,0.975609756097561,137030.0,59920.0,4.859999999999999,1.3475000000000001,3.3783333333333334,5.921303934803261,3.544776607917638,0.0,15,0,0.03945906398960364,1.0,11.827955158940247,0.4213,0.0,0.0
15-1244,Network and Computer Systems Administrators,0.3373,0.918918918918919,0.8648648648648649,100580.0,323020.0,4.86,1.7,3.59,5.58054194580542,1.7052580863927629,0.0,15,0,0.21271807159415498,1.0,11.518708709725956,0.5816189189189189,0.0,0.0
15-1251,Computer Programmers,0.7451,1.0,0.9333333333333332,107750.0,120370.0,4.95,1.3575000000000002,3.67,5.868700000000001,6.15791279028665,0.0,15,0,0.07926714840501652,1.0,11.587569007965994,0.2549,0.0,0.0
15-1252,Software Developers,0.288,0.9473684210526316,0.8421052631578947,138110.0,1656880.0,4.61,1.2075,2.936666666666667,5.8725,4.375214384653862,0.0,15,0,1.0911037039902283,1.0,11.835805748071975,0.6593684210526316,0.0,0.0
15-1253,Software Quality Assurance Analysts and Testers,0.5195,0.9473684210526316,0.912280701754386,108460.0,203040.0,4.94,1.4425000000000001,3.603333333333334,5.235423542354236,7.1192070320785,0.0,15,0,0.13370774954020564,1.0,11.594136720395051,0.4278684210526317,0.0,0.0
15-1254,Web Developers,0.4802,1.0,0.9615384615384616,95570.0,85350.0,4.88,1.3125,3.556666666666667,4.74992500749925,1.3837792970539966,0.0,15,0,0.05620545913739437,1.0,11.467614242260225,0.5198,0.0,0.0
15-1255,Web and Digital Interface Designers,0.249,1.0,1.0,108820.0,111060.0,4.85,1.2375,3.6,4.6,1.9695239940613838,0.0,15,0,0.07313624243466924,1.0,11.597450420039916,0.751,0.0,0.0
15-1299,"Computer Occupations, All Other",0.3106,0.994949494949495,0.9165429447043542,112430.0,437170.0,4.745,1.6691666666666667,3.788888888888889,5.3404131917361655,3.0402689660048146,0.39381315346406365,15,0,0.28788916896420264,1.0,11.630086084743805,0.684349494949495,0.0,0.0
15-2011,Actuaries,0.0539,1.0,0.8518518518518519,132500.0,25470.0,4.68,1.23,3.606666666666667,6.535553555355535,0.06480635337922555,0.0,15,0,0.016772736312002746,1.0,11.794337924408413,0.9460999999999999,0.0,0.0
15-2021,Mathematicians,0.4241,1.0,1.0,119770.0,2220.0,4.25,1.5000000000000002,3.203333333333333,9.7,0.3644866420358886,0.0,15,0,0.001461934613767024,1.0,11.693328515941552,0.5759000000000001,0.0,0.0
15-2031,Operations Research Analysts,0.4288,1.0,1.0,95600.0,117880.0,4.67,1.5825,3.4299999999999997,7.666900000000001,0.7263548455514046,0.0,15,0,0.07762741093281837,1.0,11.467928099039492,0.5711999999999999,0.0,0.0
15-2041,Statisticians,0.2107,1.0,0.9136842105263159,109190.0,29950.0,4.800000000000001,1.41125,3.4433333333333334,8.241062053102656,0.9840091959560842,0.0,15,0,0.019722946703748814,1.0,11.600844763008112,0.7893,0.0,0.0
15-2051,Data Scientists,0.4605,1.0,0.8756313131313131,119040.0,192710.0,4.6899999999999995,1.2825,3.4466666666666668,6.277286135693216,0.8579313812001353,0.0,15,0,0.1269051438824519,1.0,11.687214850066919,0.5395,0.0,0.0
15-2099,"Mathematical Science Occupations, All Other",0.4793,0.9666666666666668,0.9666666666666668,83330.0,4320.0,4.91,1.4049999999999998,3.6466666666666665,7.1566,3.178129754102443,2.9202135598457257,15,0,0.0028448457348979926,1.0,11.330563907376252,0.4873666666666668,0.0,0.0
17-1011,"Architects, Except Landscape and Naval",0.0784,0.9069767441860463,0.6976744186046512,100400.0,111170.0,4.67,2.27,4.263333333333333,7.4286,0.09059797280489726,0.0,17,0,0.07320825097573323,1.0,11.516917486239766,0.8285767441860463,0.0,0.0
17-1012,Landscape Architects,0.0,0.8421052631578947,0.6842105263157894,83990.0,20370.0,4.1,2.3800000000000003,4.056666666666667,6.2,0.02710083868585783,0.0,17,0,0.013414159147033245,0.0,11.338453023119673,0.8421052631578947,0.0,0.0
17-1021,Cartographers and Photogrammetrists,0.08,1.0,0.84,78810.0,12330.0,4.69,1.6925,4.340000000000001,4.8386000000000005,0.026577150981783457,0.0,17,0,0.0081196162141836,1.0,11.274795171347694,0.92,0.0,0.0
17-1022,Surveyors,0.0022,0.8708333333333333,0.6791666666666667,74000.0,50740.0,4.58,3.25375,4.0183333333333335,5.268076807680767,0.025529775573634315,0.0,17,0,0.033413570698108346,1.0,11.211820372186306,0.8686333333333334,1.0,0.0
17-2011,Aerospace Engineers,0.0753,0.9285714285714284,0.8928571428571428,134330.0,66660.0,4.88,1.98,4.196666666666666,6.590699999999999,0.03286140343067793,0.0,17,0,0.04389729252534297,1.0,11.80805473805706,0.8532714285714283,0.0,0.0
17-2021,Agricultural Engineers,0.0,0.7777777777777777,0.6666666666666666,93490.0,1860.0,4.7,2.8125,3.766666666666667,6.65,0.02749360446391396,0.0,17,0,0.001224856947151784,0.0,11.44560975768536,0.7777777777777777,0.0,0.0
17-2031,Bioengineers and Biomedical Engineers,0.1328,0.9487179487179488,0.8205128205128205,106700.0,19320.0,4.7,1.6975000000000002,3.6366666666666667,7.9127,0.10997441785565544,0.0,17,0,0.012722707644608852,1.0,11.577776437289845,0.8159179487179488,0.0,0.0
17-2041,Chemical Engineers,0.0,0.8461538461538463,0.6153846153846154,122910.0,21140.0,4.52,2.4699999999999998,3.7399999999999998,6.174,0.025660697499652954,0.0,17,0,0.013921223582144468,0.0,11.719207659209026,0.8461538461538463,0.0,0.0
17-2051,Civil Engineers,0.0081,0.9086580086580086,0.7372294372294372,101160.0,327950.0,4.32,2.3341666666666665,4.194444444444445,6.3416,0.0962276156236982,0.0,17,0,0.2159633525905524,1.0,11.524458700783901,0.9005580086580086,0.0,0.0
17-2061,Computer Hardware Engineers,0.1453,0.9090909090909092,0.4545454545454546,147770.0,82660.0,4.86,1.6375000000000002,3.6833333333333336,7.034496550344965,0.49357566109026607,0.0,17,0,0.05443369637180993,1.0,11.90341228989768,0.7637909090909092,0.0,0.0
17-2071,Electrical Engineers,0.059,0.84375,0.65625,117680.0,185430.0,4.92,2.305,4.046666666666666,6.036400000000001,0.11193824674593529,0.0,17,0,0.12211033532814801,1.0,11.67572435527532,0.7847500000000001,0.0,0.0
17-2072,"Electronics Engineers, Except Computer",0.0999,0.8788515406162465,0.6715686274509804,124190.0,96410.0,4.76,1.84625,3.8499999999999996,5.8831,0.0819571256876671,0.0,17,0,0.06348841842736747,1.0,11.729567929942078,0.7789515406162465,0.0,0.0
17-2081,Environmental Engineers,0.0358,0.9814814814814814,0.7592592592592592,105840.0,39880.0,4.38,2.7225,4.156666666666666,6.571457145714571,0.012437582971770498,0.0,17,0,0.026261986587318896,1.0,11.569683798788837,0.9456814814814813,0.0,0.0
17-2111,"Health and Safety Engineers, Except Mining Safety Engineers and Inspectors",0.0,0.91,0.6661538461538461,108740.0,22510.0,4.03,2.69625,4.118333333333333,6.269446110777845,0.009819144451397836,0.0,17,0,0.0148234031614982,0.0,11.596714990699912,0.91,0.0,0.0
17-2112,Industrial Engineers,0.0367,0.9249138804457954,0.7458827920865995,103150.0,332870.0,4.2725,2.325625,4.066666666666666,6.172950000000001,0.27938739012377317,0.0,17,0,0.21920329677334102,1.0,11.543939518499398,0.8882138804457954,0.0,0.0
17-2121,Marine Engineers and Naval Architects,0.0358,0.7368421052631579,0.5438596491228069,108110.0,9960.0,4.0,2.9375,3.966666666666667,5.4738999999999995,0.03233771572660335,0.0,17,0,0.006558911394425681,1.0,11.590904506286817,0.7010421052631579,0.0,0.0
17-2131,Materials Engineers,0.0,0.8292682926829269,0.4878048780487805,110430.0,24630.0,4.1,2.155,3.8599999999999994,8.19031903190319,0.005760564744819998,0.0,17,0,0.016219476671155073,0.0,11.612137115041177,0.8292682926829269,0.0,0.0
17-2141,Mechanical Engineers,0.0813,0.8564037087703298,0.6948046815625476,105220.0,281290.0,4.476666666666667,2.1625,3.894444444444444,6.2055333333333325,0.15592801388819758,0.0,17,0,0.18523656487329315,1.0,11.563808675284799,0.7751037087703297,0.0,0.0
17-2151,"Mining and Geological Engineers, Including Mining Safety Engineers",0.0,0.8518518518518519,0.5925925925925926,105460.0,7040.0,4.75,2.685,3.7900000000000005,6.207299999999999,0.0,0.0,17,0,0.004636017692445461,0.0,11.566087013084461,0.8518518518518519,0.0,0.0
17-2161,Nuclear Engineers,0.0,0.8500000000000001,0.7000000000000001,126950.0,12710.0,4.5,2.13,3.5,6.381,0.18041041405368316,0.0,17,0,0.00836985580553719,0.0,11.751548587132824,0.8500000000000001,0.0,0.0
17-2171,Petroleum Engineers,0.0,0.8888888888888888,0.7777777777777777,148590.0,20390.0,4.43,2.1125,4.246666666666667,6.2691,0.001963828890279547,0.0,17,0,0.01342732965184133,0.0,11.908946114250393,0.8888888888888888,0.0,0.0
17-2199,"Engineers, All Other",0.0659,0.8478464810043758,0.6861205356118707,118350.0,150990.0,4.515,2.1446875,3.9299999999999997,6.81798410079496,0.9198574522069495,0.0,17,0,0.09943072604862788,1.0,11.68140161494213,0.7819464810043758,0.0,0.0
17-3011,Architectural and Civil Drafters,0.0,0.96,0.86,65000.0,111070.0,4.77,1.99,3.98,,0.02958835528021195,0.0,17,0,0.07314239845169282,0.0,11.082142548877775,0.96,0.0,0.0
17-3012,Electrical and Electronics Drafters,0.0889,0.9574468085106382,0.7234042553191489,73110.0,20680.0,4.76,1.985,3.9166666666666665,4.802819718028197,0.08902690969267364,0.0,17,0,0.013618301971558543,1.0,11.199720435287361,0.8685468085106383,0.0,0.0
17-3013,Mechanical Drafters,0.0,0.9310344827586208,0.8620689655172413,69920.0,44850.0,4.72,1.6325,3.67,5.067986402719457,0.0276245263899325,0.0,17,0,0.029534857032127694,0.0,11.155107010329417,0.9310344827586208,0.0,0.0
17-3019,,,,,62980.0,16580.0,,,,,0.0,0.0,17,0,0.010918348485901385,,11.050572494655016,,,
17-3021,Aerospace Engineering and Operations Technologists and Technicians,0.0,0.55,0.45,81280.0,10640.0,4.42,2.17,4.133333333333334,3.7039,0.001963828890279547,0.0,17,0,0.007006708557900527,0.0,11.305655262812309,0.55,0.0,0.0
17-3022,Civil Engineering Technologists and Technicians,0.0776,1.0,0.6818181818181819,63770.0,63560.0,4.45,2.6825,4.5,4.2276,0.26891363604228263,0.0,17,0,0.04185586428008999,1.0,11.063038139309317,0.9224,0.0,1.0
17-3023,Electrical and Electronic Engineering Technologists and Technicians,0.0202,0.6226415094339622,0.5660377358490566,74440.0,97420.0,4.42,2.4675000000000002,3.893333333333333,,0.4743301379655254,0.0,17,0,0.06415352892017569,1.0,11.217748710756187,0.6024415094339622,0.0,0.0
17-3024,Electro-Mechanical and Mechatronics Technologists and Technicians,0.0,0.5182926829268293,0.3934531450577663,72430.0,15360.0,4.4399999999999995,2.8587499999999997,3.873333333333333,4.501875093754687,0.16417609522737167,0.0,17,0,0.01011494769260828,0.0,11.190375857189371,0.5182926829268293,0.0,0.0
17-3025,Environmental Engineering Technologists and Technicians,0.1029,0.7105263157894737,0.631578947368421,58780.0,13780.0,3.75,2.885,4.236666666666667,5.2403759624037605,0.029457433354193305,0.0,17,0,0.009074477812769667,1.0,10.981556939972908,0.6076263157894737,0.0,0.0
17-3026,Industrial Engineering Technologists and Technicians,0.0,0.66548463356974,0.5682624113475176,66640.0,73020.0,4.1850000000000005,2.2112499999999997,4.003333333333333,6.3031500000000005,0.11220009059797229,0.0,17,0,0.04808551305431358,0.0,11.107060276840725,0.66548463356974,0.0,0.0
17-3027,Mechanical Engineering Technologists and Technicians,0.0683,0.6479591836734693,0.4625850340136054,67990.0,38930.0,4.15,2.8187499999999996,4.0566666666666675,4.7861,0.4010138593950882,0.0,17,0,0.025636387608934916,1.0,11.127115914520505,0.5796591836734692,0.0,0.0
17-3028,,,0.6,0.4666666666666667,67360.0,13220.0,,,,,0.0,0.0,17,0,0.008705703678143325,,11.117806648916208,,,
17-3029,"Engineering Technologists and Technicians, Except Drafters, All Other",0.0,0.4819923371647509,0.47586206896551725,75290.0,66200.0,4.07,2.9412499999999997,3.9116666666666666,3.5684931506849313,0.07357812242247434,0.0,17,0,0.04359437091475704,0.0,11.229102602844169,0.4819923371647509,0.0,0.0
17-3031,Surveying and Mapping Technicians,0.0,0.9148936170212766,0.9148936170212766,54090.0,56050.0,4.53,2.81,3.8533333333333335,,0.0,0.0,17,0,0.03691033972465456,0.0,10.898404604865473,0.9148936170212766,0.0,0.0
19-1011,Animal Scientists,0.0,0.9375,0.9375,89450.0,2460.0,4.48,2.8775,4.08,9.2172,0.0142704899360314,0.0,19,0,0.0016199901294774513,0.0,11.401435088936866,0.9375,0.0,0.0
19-1012,Food Scientists and Technologists,0.0,0.6923076923076923,0.7692307692307693,88350.0,14100.0,3.86,2.4925,3.983333333333334,5.772822717728227,0.07554195131275389,0.0,19,0,0.00928530927871222,0.0,11.389061477747843,0.6923076923076923,0.0,0.0
19-1013,Soil and Plant Scientists,0.0513,0.9782608695652174,0.8260869565217391,77080.0,15800.0,4.62,3.2075000000000005,3.936666666666666,8.000100010000999,0.12673242438604157,0.0,19,0,0.010404814652741354,1.0,11.252599122528302,0.9269608695652174,0.0,0.0
19-1021,Biochemists and Biophysicists,0.0756,0.7727272727272727,0.6818181818181819,120310.0,33180.0,4.67,1.7825,3.3300000000000005,10.05,0.08941967547072957,0.0,19,0,0.021850110770756843,1.0,11.69782702402757,0.6971272727272727,0.0,0.0
19-1022,Microbiologists,0.0969,0.7083333333333333,0.5416666666666666,93380.0,21540.0,4.36,2.1125,3.8200000000000003,6.545745425457453,0.07017415234598973,0.0,19,0,0.014184791621522072,1.0,11.444432468524928,0.6114333333333333,0.0,0.0
19-1023,Zoologists and Wildlife Biologists,0.0606,0.8095238095238095,0.7619047619047619,75740.0,17100.0,4.45,2.8249999999999997,4.256666666666667,6.967696769676968,0.03980026550966602,0.0,19,0,0.01126090699758716,1.0,11.235061701455786,0.7489238095238095,0.0,0.0
19-1029,"Biological Scientists, All Other",0.2452,0.8458843548763805,0.7077347749288959,99060.0,61220.0,4.58,1.919375,3.6141666666666663,9.204344891377715,0.4904335348658173,0.0,19,0,0.040315364116507955,1.0,11.503481006142229,0.6006843548763805,0.0,0.0
19-1031,Conservation Scientists,0.0,0.818275704005611,0.7532128281171474,73160.0,22790.0,4.18,3.035833333333333,4.417777777777778,5.985968069859682,0.02343502475733602,0.0,19,0,0.015007957337719965,0.0,11.200404102504802,0.818275704005611,0.0,0.0
19-1032,Foresters,0.0,0.7352941176470588,0.5588235294117647,70680.0,9450.0,3.95,3.2875000000000005,4.246666666666667,5.833116688331168,0.0,0.0,19,0,0.006223132814456063,0.0,11.165917926433632,0.7352941176470588,1.0,0.0
19-1041,Epidemiologists,0.0,0.8846153846153847,0.7692307692307693,90430.0,10230.0,4.58,1.95,4.1,9.222100000000001,0.06336621219302058,0.0,19,0,0.006736788221363547,0.0,11.412331349734526,0.8846153846153847,0.0,0.0
19-1042,"Medical Scientists, Except Epidemiologists",0.0381,0.8636363636363636,0.7727272727272727,112380.0,136620.0,4.25,1.7674999999999998,3.983333333333333,9.974799999999998,0.013877724157975472,0.0,19,0,0.08996872011756478,1.0,11.629641264666189,0.8255363636363636,0.0,0.0
19-1099,,,,,101520.0,7490.0,,,,,0.0,0.0,19,0,0.004932408971457768,,11.52801110238827,,,
19-2011,Astronomers,0.3849,0.8125,0.59375,128940.0,2080.0,4.91,1.7950000000000002,3.25,10.999900009999,0.17216233271450873,0.0,19,0,0.0013697477517532921,1.0,11.767102458864612,0.4276,0.0,0.0
19-2012,Physicists,0.2727,0.9545454545454546,0.7727272727272727,158270.0,18350.0,4.57,1.3725,3.3033333333333332,11.03929607039296,0.03744367084133044,0.0,19,0,0.012084072713785053,1.0,11.97205771432733,0.6818454545454546,0.0,0.0
19-2021,Atmospheric and Space Scientists,0.038,0.9565217391304348,0.8695652173913043,101530.0,9310.0,4.79,1.8875,4.0,7.45,0.07528010746071681,0.0,19,0,0.006130938254241898,1.0,11.528109600295268,0.9185217391304348,0.0,0.0
19-2031,Chemists,0.2614,0.68,0.52,95560.0,83530.0,3.82,1.9500000000000002,3.846666666666667,7.7408,0.2631530712974625,0.0,19,0,0.05500722581920793,1.0,11.467509601439746,0.4186,0.0,0.0
19-2032,Materials Scientists,0.1843,0.8275862068965517,0.5862068965517241,112440.0,8810.0,4.19,2.01,3.78,7.19061906190619,0.20541650192324318,0.0,19,0,0.005801671967762742,1.0,11.630175025020469,0.6432862068965517,0.0,0.0
19-2041,"Environmental Scientists and Specialists, Including Health",0.0548,0.9810659186535764,0.9558558346199629,86710.0,80730.0,4.41,2.09375,3.9724999999999997,7.193370165745857,0.2391943588360512,0.0,19,0,0.05316333461492465,1.0,11.370324496371206,0.9262659186535764,0.0,0.0
19-2042,"Geoscientists, Except Hydrologists and Geographers",0.043,0.8222222222222223,0.6666666666666667,104000.0,24620.0,4.44,2.5225,3.7300000000000004,7.7501999999999995,0.05289245811152963,0.0,19,0,0.016213071946233677,1.0,11.55214617812351,0.7792222222222223,0.0,0.0
19-2043,Hydrologists,0.0748,0.875,0.7708333333333333,96410.0,6150.0,4.64,2.4899999999999998,3.8333333333333335,7.347900000000001,0.09871513221805303,0.0,19,0,0.004049975323693628,1.0,11.476365209658425,0.8002,0.0,0.0
19-2099,"Physical Scientists, All Other",0.0379,0.9130434782608696,0.7391304347826086,119050.0,20820.0,4.8,1.7850000000000001,3.563333333333333,6.52,0.03430154461688321,0.0,19,0,0.013710648168992087,1.0,11.687298851915008,0.8751434782608696,0.0,0.0
19-3011,Economists,0.2418,1.0,0.7916666666666666,132650.0,16420.0,4.6899999999999995,1.4075000000000002,3.348333333333333,8.879643982199111,0.31381985666667545,0.0,19,0,0.010813104847975508,1.0,11.795469359565885,0.7582,0.0,0.0
19-3022,Survey Researchers,0.4316,1.0,0.9375,66670.0,8190.0,4.76,1.5899999999999999,4.1000000000000005,7.23107689231077,0.11508037297038262,0.0,19,0,0.005393381772528588,1.0,11.107510355612106,0.5684,0.0,0.0
19-3032,Industrial-Organizational Psychologists,0.1577,0.888888888888889,0.8222222222222223,154380.0,1030.0,4.56,1.54,4.073333333333333,8.576542345765425,0.3800663512321061,0.0,19,0,0.0006782885501470629,1.0,11.947172374503845,0.7311888888888889,0.0,0.0
19-3033,Clinical and Counseling Psychologists,0.0591,0.6481481481481481,0.6851851851851851,106600.0,71730.0,3.28,1.5750000000000002,4.253333333333333,11.24,0.5742235675177467,0.0,19,0,0.04723654145829983,1.0,11.57683879071388,0.5890481481481481,0.0,0.0
19-3034,School Psychologists,0.0467,0.7837837837837838,0.8378378378378379,91990.0,62790.0,3.13,1.6500000000000001,4.29,8.5386,0.04228778210401973,0.0,19,0,0.041349260256052504,1.0,11.429435154471204,0.7370837837837838,0.0,0.0
19-3039,"Psychologists, All Other",0.0,0.8452380952380951,0.34523809523809523,110300.0,14480.0,4.125,1.4537499999999999,4.208333333333333,11.878350000000001,0.006807940152969144,0.0,19,0,0.00953555165643638,0.0,11.610959205241594,0.8452380952380951,0.0,0.0
19-3041,Sociologists,0.3833,0.9230769230769232,0.8461538461538463,106710.0,2890.0,4.37,1.5524999999999998,3.6,9.7,0.22780415127243006,0.0,19,0,0.001903159135849526,1.0,11.577870153610611,0.5397769230769233,0.0,0.0
19-3051,Urban and Regional Planners,0.0959,0.9545454545454546,0.8863636363636364,85940.0,42690.0,4.08,1.945,4.3999999999999995,7.28,0.17831566323738493,0.0,19,0,0.028112755539590403,1.0,11.361404657328986,0.8586454545454546,0.0,0.0
19-3091,Anthropologists and Archeologists,0.1354,0.8275862068965517,0.7413793103448276,69780.0,7720.0,4.35,2.335,3.813333333333333,8.45,0.546860884979851,0.0,19,0,0.00508387146323818,1.0,11.153102714740765,0.6921862068965517,0.0,0.0
19-3092,Geographers,0.1096,0.8333333333333333,0.6666666666666666,92460.0,1460.0,4.55,2.0875,3.5999999999999996,7.9,0.06951954271589661,0.0,19,0,0.0009614575565191376,1.0,11.434531397542216,0.7237333333333332,0.0,0.0
19-3093,Historians,0.028,0.8421052631578947,0.6842105263157894,76120.0,3040.0,4.31,2.2475,4.21,6.9373000000000005,0.49593225575860084,0.0,19,0,0.0020019390217932732,1.0,11.240066321410087,0.8141052631578947,0.0,0.0
19-3094,Political Scientists,0.452,0.9166666666666666,0.8333333333333333,132020.0,5580.0,4.2,1.585,3.6799999999999997,10.807800000000002,0.3246863765262225,0.0,19,0,0.003674611757107389,1.0,11.790708705242762,0.4646666666666666,0.0,0.0
19-3099,"Social Scientists and Related Workers, All Other",0.0327,0.9534883720930232,0.9534883720930232,102210.0,35210.0,4.45,1.825,4.176666666666667,6.9,0.05537997470588375,0.0,19,0,0.023186931893862218,1.0,11.534784799323122,0.9207883720930232,0.0,0.0
19-4012,Agricultural Technicians,0.0058,0.6767676767676768,0.49747474747474746,46810.0,13150.0,3.84,3.425,4.055000000000001,4.65036748162592,0.03600352965512517,0.0,19,0,0.008659703334401822,1.0,10.753852134294116,0.6709676767676768,1.0,0.0
19-4013,Food Science Technicians,0.2038,0.4285714285714285,0.4642857142857142,54000.0,15190.0,4.22,3.135,3.7599999999999993,5.218521852185219,0.09138350436100921,0.0,19,0,0.010003109783236782,1.0,10.896739325546411,0.22477142857142848,0.0,0.0
19-4021,Biological Technicians,0.0599,0.6333333333333333,0.4666666666666667,56540.0,76990.0,4.1,2.045,3.626666666666667,6.812599999999999,0.13301667683493634,0.0,19,0,0.05070042279206056,1.0,10.942703631247582,0.5734333333333334,0.0,0.0
19-4031,Chemical Technicians,0.3148,0.6428571428571428,0.5,60920.0,55880.0,4.14,2.7575000000000003,3.8433333333333337,4.213,0.11586590452649448,0.0,19,0,0.036798800176910555,1.0,11.017316807009099,0.32805714285714277,0.0,0.0
19-4042,"Environmental Science and Protection Technicians, Including Health",0.1444,0.6666666666666667,0.6,57470.0,32390.0,3.85,3.1049999999999995,4.03,5.454254574542546,0.03718182698929285,0.0,19,0,0.021329870038119772,1.0,10.959018351501788,0.5222666666666668,0.0,0.0
19-4043,"Geological Technicians, Except Hydrologic Technicians",0.229,0.7317073170731707,0.5365853658536586,64590.0,8860.0,4.14,2.4775,3.6033333333333335,,0.025660697499652954,0.0,19,0,0.005834598596410658,1.0,11.075814879026519,0.5027073170731707,0.0,0.0
19-4044,,,0.8125,0.8125,61500.0,3000.0,,,,,0.0,0.0,19,0,0.0019755977188749404,,11.02679245379461,,,
19-4051,Nuclear Technicians,0.0,0.2586580086580086,0.4567099567099566,97520.0,5400.0,3.69,3.4,3.8683333333333336,3.9018098190180988,0.015841553048255016,0.0,19,0,0.003556075893974893,0.0,11.487812764155153,0.2586580086580086,1.0,0.0
19-4061,Social Science Research Assistants,0.4393,0.9090909090909092,0.8484848484848485,62370.0,30890.0,4.73,1.3924999999999998,3.5366666666666666,6.595759575957595,0.1584155304825517,0.0,19,0,0.020342071178682305,1.0,11.04083966952017,0.46979090909090915,0.0,0.0
19-4071,Forest and Conservation Technicians,0.0221,0.576923076923077,0.5384615384615385,54260.0,28740.0,3.67,3.88,4.406666666666667,3.901709829017098,0.027624526389932604,0.0,19,0,0.01892622614682193,1.0,10.901542586212923,0.554823076923077,1.0,0.0
19-4092,Forensic Science Technicians,0.0,0.7096774193548387,0.3225806451612903,71540.0,17520.0,3.99,3.2525,4.44,3.95070492950705,0.0043204235586150235,0.0,19,0,0.011537490678229652,0.0,11.178012012813008,0.7096774193548387,0.0,1.0
19-4099,"Life, Physical, and Social Science Technicians, All Other",0.0955,0.9148936170212766,0.7542896362388469,62640.0,72230.0,4.305,2.2575,3.621666666666666,4.5012,0.21510472444862205,0.0,19,0,0.04756580774477898,1.0,11.045159330664685,0.8193936170212766,0.0,0.0
19-5011,Occupational Health and Safety Specialists,0.0,0.6190476190476191,0.4285714285714285,85570.0,122300.0,4.18,3.0,3.9933333333333336,6.086991300869913,0.001963828890279547,0.0,19,0,0.08053853367280174,0.0,11.357090033412101,0.6190476190476191,0.0,0.0
19-5012,Occupational Health and Safety Technicians,0.0,0.6666666666666666,0.5833333333333333,64250.0,27270.0,4.14,3.1975000000000002,4.226666666666667,5.238223822382238,0.011913895267696026,0.0,19,0,0.01795818326457321,0.0,11.070537002757467,0.6666666666666666,0.0,0.0
21-1011,,,0.3111111111111111,0.4,,,4.49,1.5075,4.613333333333332,5.8912,0.10918888629954397,0.0,21,0,,,,,0.0,1.0
21-1012,"Educational, Guidance, and Career Counselors and Advisors",0.1182,0.5263157894736842,0.4035087719298245,66990.0,327660.0,4.44,1.7349999999999999,4.646666666666667,6.8036196380361975,0.4079527214740762,0.0,21,0,0.21577144526801798,1.0,11.112298633502313,0.4081157894736842,0.0,1.0
21-1013,Marriage and Family Therapists,0.0,0.1481481481481481,0.3703703703703703,68730.0,63340.0,4.05,1.9100000000000001,4.433333333333334,8.375962403759624,0.11586590452649469,0.0,21,0,0.041710807981676916,0.0,11.137941064115651,0.1481481481481481,0.0,1.0
21-1014,,,0.4313725490196078,0.4117647058823529,,,3.86,1.4949999999999999,4.496666666666667,8.142800000000001,0.5769729279641385,0.0,21,0,,,,,0.0,1.0
21-1015,Rehabilitation Counselors,0.0,0.6451612903225806,0.6774193548387096,48430.0,84750.0,4.15,2.1825,4.53,6.154,0.010080988303435021,0.0,21,0,0.05580977228366149,0.0,10.787874735397274,0.6451612903225806,0.0,1.0
21-1018,,,,,60080.0,397880.0,,,,,0.0,0.0,21,0,0.2620128872710706,,11.003432286438017,,,
21-1019,,,,,52360.0,35580.0,,,,,0.0,0.0,21,0,0.023430226523335408,,10.865898220023837,,,
21-1021,"Child, Family, and School Social Workers",0.0074,0.4285714285714285,0.4285714285714285,59190.0,352160.0,4.41,2.33,4.723333333333334,6.4615,0.006415174374913114,0.0,21,0,0.23190524374530067,1.0,10.98850788768477,0.4211714285714285,0.0,1.0
21-1022,Healthcare Social Workers,0.0916,0.65625,0.65625,67430.0,185020.0,3.85,2.245,4.603333333333333,7.888888888888888,0.01885275734668371,0.0,21,0,0.12183981201089145,1.0,11.118845301728628,0.56465,0.0,1.0
21-1023,Mental Health and Substance Abuse Social Workers,0.0,0.5416666666666666,0.5416666666666666,63870.0,114680.0,3.87,2.115,4.5633333333333335,7.6648000000000005,0.03678906121123712,0.0,21,0,0.07551934732141947,0.0,11.064605046555634,0.5416666666666666,0.0,1.0
21-1029,,,,,68800.0,58460.0,,,,,0.0,0.0,21,0,0.038497218733956944,,11.138959023921435,,,
21-1091,Health Education Specialists,0.1376,0.8064516129032258,0.7419354838709677,69790.0,57800.0,4.19,2.0324999999999998,4.506666666666667,5.386100000000002,0.04071671899179622,0.0,21,0,0.038062593958650554,1.0,11.153246012011197,0.6688516129032258,0.0,1.0
21-1092,Probation Officers and Correctional Treatment Specialists,0.0,0.631578947368421,0.6052631578947368,67880.0,85870.0,4.19,2.88,4.773333333333333,5.8779,0.0,0.0,21,0,0.056547317356908704,0.0,11.125496719348163,0.631578947368421,0.0,1.0
21-1093,Social and Human Service Assistants,0.0,0.5714285714285714,0.4642857142857142,44240.0,409310.0,3.99,2.2275,4.783333333333333,5.5396,0.003927657780559094,0.0,21,0,0.2695397981525131,0.0,10.697384636196217,0.5714285714285714,0.0,1.0
21-1094,Community Health Workers,0.0,0.5555555555555556,0.4166666666666666,52610.0,58550.0,4.4,2.3975,4.406666666666666,5.726727327267273,0.019769210828814214,0.0,21,0,0.03855648574877145,0.0,10.870661494724853,0.5555555555555556,0.0,0.0
21-1099,,,,,54020.0,95310.0,,,,,0.0,0.0,21,0,0.06276376868856373,,10.897109627346607,,,
21-2011,Clergy,0.1116,0.4761904761904761,0.2857142857142857,63720.0,56640.0,3.33,2.02,4.36,6.476447644764475,0.676211747886266,0.0,21,0,0.03729870798993023,1.0,11.062253764023986,0.36459047619047613,0.0,0.0
21-2021,"Directors, Religious Activities and Education",0.153,0.7272727272727273,0.6060606060606061,61740.0,23270.0,3.94,1.8425,3.8533333333333335,5.370062993700631,0.05498720892782752,0.0,21,0,0.0153238159414844,1.0,11.03068729805615,0.5742727272727273,0.0,0.0
21-2099,,,,,45050.0,11870.0,,,,,0.0,0.0,21,0,0.007816660731646748,,10.715528263036484,,,
23-1011,Lawyers,0.1673,0.8500000000000001,0.8,176470.0,731340.0,4.0,1.4425,4.3500000000000005,10.771899999999999,0.15867737433458898,0.0,23,0,0.48160774565705833,1.0,12.080906169237279,0.6827000000000001,0.0,0.0
23-1012,Judicial Law Clerks,0.1704,0.896551724137931,0.896551724137931,64880.0,14680.0,3.94,1.4625,4.033333333333332,10.156515651565154,0.07698209249895917,0.0,23,0,0.009667188593876467,1.0,11.080294688789294,0.726151724137931,0.0,0.0
23-1021,"Administrative Law Judges, Adjudicators, and Hearing Officers",0.3048,0.8461538461538463,0.6153846153846154,119940.0,14670.0,3.44,1.2725,4.446666666666666,8.414200000000001,0.19337168472952854,0.0,23,0,0.009660603315542764,1.0,11.694746896722501,0.5413538461538463,0.0,1.0
23-1022,"Arbitrators, Mediators, and Conciliators",0.2426,0.9032258064516128,0.6451612903225806,95370.0,7060.0,3.35,1.395,3.1933333333333334,8.0528,0.2851479548685938,0.0,23,0,0.004649206503594541,1.0,11.465519342572959,0.6606258064516127,0.0,0.0
23-1023,"Judges, Magistrate Judges, and Magistrates",0.3109,0.8333333333333333,0.4444444444444444,139000.0,24470.0,3.55,1.3925,4.75,10.831216878312167,0.04778650299680265,0.0,23,0,0.016114176082572013,1.0,11.842229212112828,0.5224333333333333,0.0,1.0
23-2011,Paralegals and Legal Assistants,0.2927,0.8500000000000001,0.8500000000000001,66460.0,354890.0,4.38,1.375,4.146666666666667,5.5318,0.04425161099429958,0.0,23,0,0.233704942784797,1.0,11.104355541908586,0.5573000000000001,0.0,0.0
23-2093,"Title Examiners, Abstractors, and Searchers",0.0216,0.9285714285714284,0.8571428571428571,59440.0,49760.0,4.54,1.5475,4.1866666666666665,3.0504,0.01374680223195683,0.0,23,0,0.0327683449885077,1.0,10.99272267939164,0.9069714285714284,0.0,0.0
23-2099,,,,,82960.0,43760.0,,,,,0.0,0.0,23,0,0.028817177988285713,,11.326113842903409,,,
25-1011,"Business Teachers, Postsecondary",0.3072,0.7954545454545455,0.6590909090909091,113240.0,82980.0,4.13,1.7675,3.6766666666666663,10.082891710828918,0.4378029206063256,0.0,25,0,0.054644514633620876,1.0,11.637264739225836,0.48825454545454555,0.0,0.0
25-1021,"Computer Science Teachers, Postsecondary",0.2414,0.8571428571428571,0.5952380952380952,106380.0,36150.0,4.65,1.5274999999999999,4.166666666666667,9.0295,0.0746254978306236,0.0,25,0,0.02380572672939738,1.0,11.574772868296309,0.6157428571428571,0.0,0.0
25-1022,"Mathematical Science Teachers, Postsecondary",0.4305,0.7837837837837838,0.6756756756756757,95320.0,48230.0,4.02,1.84,4.046666666666666,9.3253,0.025660697499652954,0.0,25,0,0.031760724762346766,1.0,11.464994931212678,0.3532837837837838,0.0,0.0
25-1031,"Architecture Teachers, Postsecondary",0.0,0.7804878048780488,0.6341463414634146,114900.0,8350.0,4.52,2.1624999999999996,3.9233333333333333,9.165916591659165,0.0,0.0,25,0,0.0054986948323780946,0.0,11.651817463836847,0.7804878048780488,0.0,0.0
25-1032,"Engineering Teachers, Postsecondary",0.3589,0.8571428571428571,0.6190476190476191,120630.0,38370.0,4.13,1.9275000000000002,3.8400000000000003,10.600179964007198,0.031028496466417227,0.0,25,0,0.025267655175849998,1.0,11.700483288559429,0.4982428571428571,0.0,0.0
25-1041,"Agricultural Sciences Teachers, Postsecondary",0.0,0.7777777777777778,0.7333333333333334,95610.0,7550.0,3.89,2.1975000000000002,4.010000000000001,10.6775,0.0,0.0,25,0,0.004971873770593367,0.0,11.468032696079492,0.7777777777777778,0.0,0.0
25-1042,"Biological Science Teachers, Postsecondary",0.2914,0.7959183673469387,0.5918367346938775,102270.0,52050.0,4.59,2.09,4.273333333333333,10.945605439456054,0.2042382045890755,0.0,25,0,0.03427629533236884,1.0,11.535371653800059,0.5045183673469387,0.0,0.0
25-1043,"Forestry and Conservation Science Teachers, Postsecondary",0.0206,0.7608695652173912,0.6304347826086957,102230.0,1260.0,4.39,2.6750000000000003,4.433333333333334,10.767599999999998,0.022256727423168435,0.0,25,0,0.000829743172310946,1.0,11.53498045575106,0.7402695652173913,0.0,1.0
25-1051,"Atmospheric, Earth, Marine, and Space Sciences Teachers, Postsecondary",0.0396,0.775,0.65,111930.0,11770.0,4.37,2.19,4.05,9.4993,0.03600352965512547,0.0,25,0,0.007750854871507805,1.0,11.625628954883313,0.7354,0.0,0.0
25-1052,"Chemistry Teachers, Postsecondary",0.2185,0.6862745098039216,0.5686274509803921,102630.0,20210.0,4.35,1.58,3.8699999999999997,9.8988,0.004451345484633666,0.0,25,0,0.013308817073336681,1.0,11.53888556663976,0.46777450980392155,0.0,0.0
25-1053,"Environmental Science Teachers, Postsecondary",0.0232,0.7826086956521738,0.6521739130434783,100910.0,7120.0,4.28,2.14,3.9699999999999993,10.7649,0.029850199132249434,0.0,25,0,0.004688707449884076,1.0,11.521984309458574,0.7594086956521738,0.0,0.0
25-1054,"Physics Teachers, Postsecondary",0.0,0.7209302325581395,0.5813953488372093,106950.0,14030.0,4.56,1.87,4.2266666666666675,10.4483,0.10342832155472419,0.0,25,0,0.009239124371049661,0.0,11.580116714510552,0.7209302325581395,0.0,0.0
25-1061,"Anthropology and Archeology Teachers, Postsecondary",0.0236,0.7551020408163265,0.6326530612244897,103640.0,5030.0,4.41,2.2775,3.97,10.09069093090691,0.04713189336670963,0.0,25,0,0.003312387425971475,1.0,11.548678634676046,0.7315020408163265,0.0,0.0
25-1062,"Area, Ethnic, and Cultural Studies Teachers, Postsecondary",0.0,0.7777777777777778,0.6444444444444445,100390.0,11570.0,4.04,1.8624999999999998,4.1066666666666665,10.019,0.25254839528995315,0.0,25,0,0.007619149606061623,0.0,11.516817879685572,0.7777777777777778,0.0,0.0
25-1063,"Economics Teachers, Postsecondary",0.0,0.8048780487804879,0.6585365853658537,133650.0,12210.0,4.25,1.5025000000000002,4.033333333333334,10.4778,0.0,0.0,25,0,0.008040606455489405,0.0,11.802979721567064,0.8048780487804879,0.0,0.0
25-1064,"Geography Teachers, Postsecondary",0.0,0.7727272727272727,0.6818181818181819,97660.0,3480.0,4.74,2.035,4.026666666666666,10.524199999999999,0.0020947508162981903,0.0,25,0,0.002291671618763565,0.0,11.489247337615652,0.7727272727272727,0.0,0.0
25-1065,"Political Science Teachers, Postsecondary",0.0,0.7804878048780488,0.6341463414634146,104910.0,17090.0,4.14,1.53,4.053333333333334,10.8962,0.0,0.0,25,0,0.011254214932376242,0.0,11.56085811872553,0.7804878048780488,0.0,0.0
25-1066,"Psychology Teachers, Postsecondary",0.3219,0.8,0.62,93990.0,40610.0,4.35,1.5274999999999999,4.196666666666666,10.863913608639136,0.0870630808023944,0.0,25,0,0.026742754148847237,1.0,11.450943672614347,0.4781,0.0,0.0
25-1067,"Sociology Teachers, Postsecondary",0.0,0.7272727272727273,0.5909090909090909,97580.0,12870.0,4.47,1.5275,3.883333333333333,10.3052,0.002225672742316833,0.0,25,0,0.008475233831461806,0.0,11.488427833369828,0.7272727272727273,0.0,0.0
25-1069,,,,,91710.0,16900.0,,,,,0.0,0.0,25,0,0.01112909493020237,,11.42638670355299,,,
25-1071,"Health Specialties Teachers, Postsecondary",0.3045,0.8250000000000001,0.6000000000000001,134440.0,225360.0,4.44,1.7025000000000001,4.446666666666666,8.97910208979102,0.0,0.0,25,0,0.14840549310475779,1.0,11.808873281839041,0.5205000000000001,0.0,1.0
25-1072,"Nursing Instructors and Teachers, Postsecondary",0.1909,0.6470588235294118,0.6078431372549019,86530.0,72700.0,4.58,2.06,4.583333333333333,9.271799999999999,0.0,0.0,25,0,0.04787486398968712,1.0,11.368246453600785,0.45615882352941184,0.0,1.0
25-1081,"Education Teachers, Postsecondary",0.2621,0.8095238095238095,0.6904761904761905,80750.0,60860.0,4.09,1.715,4.42,10.6852,0.030242964910305366,0.0,25,0,0.04007791227527315,1.0,11.299113241084903,0.5474238095238095,0.0,0.0
25-1082,"Library Science Teachers, Postsecondary",0.018,0.8085106382978723,0.6170212765957447,88190.0,4220.0,4.8,1.355,3.923333333333334,10.243724372437246,0.01296127067584497,0.0,25,0,0.0027789811009144385,1.0,11.387248856882227,0.7905106382978723,0.0,0.0
25-1111,"Criminal Justice and Law Enforcement Teachers, Postsecondary",0.0,0.775,0.675,83470.0,13390.0,4.53,2.105,4.38,7.905190519051905,0.0,0.0,25,0,0.008817667521621879,0.0,11.332242564844782,0.775,0.0,0.0
25-1112,"Law Teachers, Postsecondary",0.0,0.775,0.75,142440.0,14570.0,3.72,1.6400000000000001,3.9933333333333336,9.96970302969703,0.04425161099429968,0.0,25,0,0.009594728587754352,0.0,11.866676137391714,0.775,0.0,0.0
25-1113,"Social Work Teachers, Postsecondary",0.0,0.6818181818181819,0.7272727272727273,80840.0,11730.0,4.58,1.8725,4.239999999999999,10.123012301230123,0.049357566109026564,0.0,25,0,0.007724513818418569,0.0,11.300227171517557,0.6818181818181819,0.0,0.0
25-1121,"Art, Drama, and Music Teachers, Postsecondary",0.2142,0.75,0.8125,100840.0,101500.0,3.9,1.9825000000000002,4.1066666666666665,8.638263826382637,0.06127146137672269,0.0,25,0,0.06684042221393732,1.0,11.521290381301856,0.5358,0.0,0.0
25-1122,"Communications Teachers, Postsecondary",0.2111,0.7250000000000001,0.8250000000000001,90950.0,28520.0,4.42,1.71,3.9966666666666675,8.962796279627964,0.0,0.0,25,0,0.01878117085262554,1.0,11.418065183946268,0.5139,0.0,0.0
25-1123,"English Language and Literature Teachers, Postsecondary",0.3618,0.8035714285714285,0.7857142857142857,87090.0,57600.0,4.11,1.7175,3.97,9.104210421042104,0.2443003139507788,0.0,25,0,0.03793111644850039,1.0,11.374697345686785,0.4417714285714285,0.0,0.0
25-1124,"Foreign Language and Literature Teachers, Postsecondary",0.2403,0.8,0.8444444444444444,88490.0,20820.0,4.27,1.64,3.3299999999999996,10.0278,0.39708620161452973,0.0,25,0,0.013710518132947536,1.0,11.390644830261396,0.5597000000000001,0.0,0.0
25-1125,"History Teachers, Postsecondary",0.0994,0.8,0.8222222222222223,93120.0,20610.0,3.85,1.735,3.723333333333334,10.0892,0.061926071006815804,0.0,25,0,0.013572227604229044,1.0,11.441644262965264,0.7006,0.0,0.0
25-1126,"Philosophy and Religion Teachers, Postsecondary",0.2197,0.7727272727272727,0.8181818181818182,89680.0,20320.0,4.06,1.5175,3.676666666666667,10.720772077207721,0.025660697499652954,0.0,25,0,0.013381254969332082,1.0,11.404003057746042,0.5530272727272727,0.0,0.0
25-1192,"Family and Consumer Sciences Teachers, Postsecondary",0.0,0.875,0.9,89630.0,2660.0,3.95,1.7174999999999998,4.213333333333334,9.1935,0.01413956801001286,0.0,25,0,0.0017516800304342194,0.0,11.403445364351407,0.875,0.0,0.0
25-1193,"Recreation and Fitness Studies Teachers, Postsecondary",0.1138,0.8372093023255813,0.8604651162790697,87340.0,13270.0,3.96,2.29,4.383333333333333,10.124,0.17399523967877023,0.0,25,0,0.00873864436235417,1.0,11.377563827039552,0.7234093023255813,0.0,0.0
25-1194,"Career/Technical Education Teachers, Postsecondary",0.1563,0.8461538461538461,0.6923076923076923,68300.0,111180.0,3.55,2.3225,4.2700000000000005,5.251474852514748,0.39368223153804466,0.0,25,0,0.07321495706153253,1.0,11.131665045558881,0.6898538461538462,0.0,0.0
25-1199,,,,,96570.0,166980.0,,,,,0.0,0.0,25,0,0.10996072612101727,,11.478023412960964,,,
25-2011,"Preschool Teachers, Except Special Education",0.0,0.3939393939393939,0.4696969696969697,41410.0,430240.0,2.27,2.835,4.113333333333333,4.5006500650065,0.21274812978028662,0.0,25,0,0.28332436702782654,0.0,10.631277676539613,0.3939393939393939,0.0,0.0
25-2012,"Kindergarten Teachers, Except Special Education",0.0,0.410958904109589,0.4520547945205479,67790.0,118580.0,3.55,2.9725,4.52,6.3814,0.03691998313725587,0.0,25,0,0.07808805188304124,0.0,11.124169970425012,0.410958904109589,0.0,1.0
25-2021,"Elementary School Teachers, Except Special Education",0.103,0.5675675675675675,0.4864864864864865,70740.0,1410070.0,4.12,2.8925,4.763333333333333,6.436599999999999,0.13471866187317819,0.0,25,0,0.9285682182384886,1.0,11.166766462759472,0.46456756756756756,0.0,1.0
25-2022,"Middle School Teachers, Except Special and Career/Technical Education",0.2972,0.6231884057971014,0.4782608695652174,71460.0,626690.0,3.87,2.7975,4.133333333333334,5.7776,0.14270489936031544,0.0,25,0,0.4126918640123387,1.0,11.176893131577401,0.3259884057971014,0.0,0.0
25-2023,"Career/Technical Education Teachers, Middle School",0.0,0.4516129032258064,0.5161290322580645,69020.0,12210.0,4.14,2.4725,4.34,6.5165999999999995,0.015186943418161906,0.0,25,0,0.008040606455489405,0.0,11.142151596651994,0.4516129032258064,0.0,0.0
25-2031,"Secondary School Teachers, Except Special and Career/Technical Education",0.2901,0.6349206349206349,0.5238095238095237,73800.0,1045170.0,4.19,2.505,4.283333333333334,6.341065893410658,0.011521129489640096,0.0,25,0,0.6882719614319297,1.0,11.209114010588564,0.34482063492063486,0.0,0.0
25-2032,"Career/Technical Education Teachers, Secondary School",0.0,0.5151515151515151,0.5454545454545454,70810.0,90070.0,4.08,2.7800000000000002,3.9966666666666666,5.754224577542245,0.08234989146572344,0.0,25,0,0.05931346629368802,0.0,11.167755512645819,0.5151515151515151,0.0,0.0
25-2051,"Special Education Teachers, Preschool",0.0058,0.2857142857142857,0.4428571428571428,76420.0,24850.0,4.03,2.5475,4.296666666666667,7.0575,0.042811469808094506,0.0,25,0,0.016364379231688105,1.0,11.243999721000892,0.27991428571428567,0.0,0.0
25-2052,,,,,71770.0,212850.0,,,,,0.0,0.0,25,0,0.1401673287510991,,11.181221840424117,,,
25-2055,,,0.4,0.5333333333333333,,,,,,,0.02029289853288879,0.0,25,0,,,,,,
25-2056,,,0.5333333333333333,0.5333333333333333,,,3.63,2.3499999999999996,4.183333333333334,6.343965603439656,0.02029289853288879,0.0,25,0,,,,,0.0,0.0
25-2057,"Special Education Teachers, Middle School",0.134,0.5324675324675325,0.4805194805194805,73630.0,88850.0,3.84,2.9025000000000003,3.9033333333333338,6.353599999999999,0.013092192601863712,0.0,25,0,0.05851006417446631,1.0,11.206807830362763,0.3984675324675325,0.0,0.0
25-2058,"Special Education Teachers, Secondary School",0.0989,0.5,0.4358974358974359,74670.0,158150.0,4.49,2.3075,4.433333333333334,6.998200000000001,0.03744367084133054,0.0,25,0,0.10414593865156835,1.0,11.220833684029747,0.4011,0.0,1.0
25-2059,"Special Education Teachers, All Other",0.0257,0.65,0.3,76000.0,43700.0,3.24,3.68,4.173333333333333,6.9047,0.06506819723126304,0.0,25,0,0.028777600499990747,1.0,11.238488619268468,0.6243000000000001,1.0,0.0
25-3011,"Adult Basic Education, Adult Secondary Education, and English as a Second Language Instructors",0.0636,0.6323529411764706,0.6323529411764706,65430.0,36890.0,3.65,2.0225,3.966666666666667,5.934106589341066,0.4861131113072035,0.0,25,0,0.02429303621154825,1.0,11.088736147863784,0.5687529411764706,0.0,0.0
25-3021,Self-Enrichment Teachers,0.0662,0.56,0.56,52890.0,272110.0,2.83,1.8699999999999997,4.216666666666667,5.5111511151115105,0.10067896110833258,0.0,25,0,0.17919159890280278,1.0,10.875969564060025,0.49380000000000007,0.0,0.0
25-3031,,,0.4444444444444444,0.1666666666666666,43570.0,444530.0,3.25,2.3525,3.6199999999999997,5.136813681368137,0.0,0.0,25,0,0.2927347082439562,,10.682124119111489,,0.0,0.0
25-3041,Tutors,0.4077,0.9142857142857144,0.5714285714285714,48580.0,162300.0,3.45,1.43,4.37,4.909299999999999,1.5685755956293044,0.0,25,0,0.1068788229095766,1.0,10.790967202556164,0.5065857142857144,0.0,0.0
25-3099,,,,,70340.0,118290.0,,,,,0.0,0.0,25,0,0.07789707924814429,,11.161095906027974,,,
25-4011,Archivists,0.1348,0.9230769230769232,0.7692307692307693,65700.0,7150.0,4.52,1.8925,4.306666666666667,7.903199999999999,1.4838691094952456,0.0,25,0,0.0047084632397010025,1.0,11.092854204472703,0.7882769230769232,0.0,0.0
25-4012,Curators,0.4123,0.8518518518518519,0.7777777777777777,70870.0,12510.0,3.99,2.185,4.319999999999999,8.744674467446744,0.16286687596718577,0.0,25,0,0.008238164353658678,1.0,11.168602491804302,0.43955185185185186,0.0,0.0
25-4013,Museum Technicians and Conservators,0.0,0.4210526315789473,0.3684210526315789,54890.0,12670.0,3.31,2.59,3.9233333333333333,6.266726672667266,0.031290340318454214,0.0,25,0,0.008343528566015624,0.0,10.913086461543935,0.4210526315789473,0.0,0.0
25-4022,Librarians and Media Collections Specialists,0.2032,0.912280701754386,0.7368421052631579,68570.0,133760.0,4.74,2.14,4.383333333333334,7.157984201579842,0.33005417549298605,0.0,25,0,0.08808448153040646,1.0,11.13561040027841,0.7090807017543861,0.0,0.0
25-4031,Library Technicians,0.054,0.75,0.7884615384615385,42570.0,76670.0,4.29,1.9825,4.176666666666667,4.4704529547045295,0.09819144451397836,0.0,25,0,0.05048921350879383,1.0,10.658905058822198,0.696,0.0,0.0
25-9021,Farm and Home Management Educators,0.0,0.6666666666666666,0.7037037037037037,61430.0,8110.0,4.19,2.92,4.61,7.333666733346668,0.0506667853692127,0.0,25,0,0.005340648513842676,0.0,11.025653594157973,0.6666666666666666,0.0,1.0
25-9031,Instructional Coordinators,0.3043,0.8,0.775,77200.0,207270.0,4.45,2.075,4.46,7.698930106989302,0.9796887723974688,0.0,25,0,0.1364927518451506,1.0,11.254154736012868,0.49570000000000003,0.0,1.0
25-9042,,,0.4666666666666667,0.4,,,3.12,3.0025,3.9433333333333334,4.185481451854814,0.05324158324757948,0.0,25,0,,,,,0.0,0.0
25-9043,,,0.3666666666666666,0.3666666666666666,,,3.11,2.7525000000000004,4.000000000000001,4.5778,0.05324158324757948,0.0,25,0,,,,,0.0,0.0
25-9044,"Teaching Assistants, Postsecondary",0.1002,0.7272727272727273,0.5454545454545454,47030.0,145960.0,4.22,1.9475000000000002,3.9800000000000004,6.908190819081907,0.1772682878292359,0.0,25,0,0.09611850272262355,1.0,10.758540974939093,0.6270727272727273,0.0,0.0
25-9045,,,,,36430.0,1337320.0,,,,,0.0,0.0,25,0,0.8806604279324399,,10.503147890002609,,,
25-9049,,,,,,,,,,,0.05324158324757948,0.0,25,0,,,,,,
25-9099,,,,,54910.0,113490.0,,,,,0.0,0.0,25,0,0.07473615287743592,,10.913450760272918,,,
27-1011,Art Directors,0.2098,0.9310344827586208,0.7931034482758621,125920.0,51200.0,4.57,1.5724999999999998,4.083333333333333,5.633663366336633,0.1250304393477992,0.0,27,0,0.03371630495021292,1.0,11.74340206365123,0.7212344827586208,0.0,0.0
27-1012,Craft Artists,0.0539,0.5172413793103449,0.3793103448275862,43610.0,5830.0,3.09,1.8150000000000002,2.98,3.0001999800019994,0.09269272362119566,0.0,27,0,0.0038391808175730724,1.0,10.683041760836812,0.46334137931034486,0.0,0.0
27-1013,"Fine Artists, Including Painters, Sculptors, and Illustrators",0.3565,0.8500000000000001,0.5750000000000001,71420.0,10910.0,3.46,1.8875000000000002,2.98,4.168799999999999,0.3682833778904286,0.0,27,0,0.0071844704493520106,1.0,11.17633322114844,0.4935000000000001,0.0,0.0
27-1014,Special Effects Artists and Animators,0.3571,1.0,0.9,109630.0,29940.0,4.84,1.475,4.093333333333334,4.9737,0.5949092318286919,0.0,27,0,0.019716136136901853,1.0,11.604866338668586,0.6429,0.0,0.0
27-1019,,,,,78890.0,7420.0,,,,,0.0,0.0,27,0,0.004886230131456638,,11.275809756089135,,,
27-1021,Commercial and Industrial Designers,0.0437,0.9310344827586208,0.7586206896551724,81870.0,30810.0,4.38,1.9899999999999998,4.46,5.3921,0.05079770729523134,0.0,27,0,0.020289049912423047,1.0,11.312887902370495,0.8873344827586208,0.0,1.0
27-1022,Fashion Designers,0.0568,0.78125,0.625,97030.0,19940.0,3.93,1.9575,3.6666666666666665,5.3621637836216385,0.038752890101516564,0.0,27,0,0.01313092032631339,1.0,11.482775488019346,0.72445,0.0,0.0
27-1023,Floral Designers,0.0,0.3333333333333333,0.4333333333333333,35500.0,43350.0,3.01,3.205,4.69,2.64,0.002880282372409949,0.0,27,0,0.028546910538900978,0.0,10.477287975463508,0.3333333333333333,0.0,1.0
27-1024,Graphic Designers,0.3672,1.0,0.8214285714285714,64700.0,212720.0,4.75,1.5375,3.853333333333333,5.45,0.08313542302183478,0.0,27,0,0.14008071072283773,1.0,11.077516480488992,0.6328,0.0,0.0
27-1025,Interior Designers,0.0,1.0,0.5862068965517241,68530.0,67760.0,4.42,2.1100000000000003,4.423333333333333,6.12,0.02526793172159703,0.0,27,0,0.04462142233254741,0.0,11.135026884579869,1.0,0.0,1.0
27-1026,Merchandise Displayers and Window Trimmers,0.0,0.6097560975609756,0.4390243902439024,39040.0,175790.0,3.2,3.0725000000000002,4.376666666666667,3.6234,0.010735597933528239,0.0,27,0,0.11576150873433455,0.0,10.57234204052703,0.6097560975609756,0.0,0.0
27-1027,Set and Exhibit Designers,0.0,0.7826086956521738,0.5652173913043478,67170.0,10090.0,3.9,2.2625,3.7966666666666664,7.142828565713144,0.0391456558795727,0.0,27,0,0.006644482752883756,0.0,11.11498199826091,0.7826086956521738,0.0,0.0
27-1029,,,,,75960.0,9880.0,,,,,0.0,0.0,27,0,0.0065061932208614,,11.237962164926222,,,
27-2011,Actors,0.1011,0.21875,0.1875,,62560.0,1.97,2.5175,4.25,3.51974802519748,0.7842223368516428,0.0,27,0,0.04119711011104141,1.0,,0.11765,0.0,0.0
27-2012,Producers and Directors,0.092,0.8453355155482816,0.6563011456628478,107170.0,154470.0,4.1175,1.913125,4.305833333333333,5.301725,0.18983679272702456,0.0,27,0,0.10172182862615996,1.0,11.582171637707043,0.7533355155482816,0.0,0.0
27-2021,Athletes and Sports Competitors,0.0,0.0,0.0,328830.0,14930.0,2.37,3.645,4.133333333333334,3.0109999999999997,0.002880282372409949,0.0,27,0,0.009831727205208573,0.0,12.70329617887788,0.0,1.0,0.0
27-2022,Coaches and Scouts,0.0,0.5333333333333333,0.2444444444444444,58700.0,238980.0,3.64,3.0825000000000005,3.9766666666666666,5.766876687668766,0.028148214094006974,0.0,27,0,0.15737348744144303,0.0,10.980195005816189,0.5333333333333333,0.0,0.0
27-2023,"Umpires, Referees, and Other Sports Officials",0.0,0.375,0.2083333333333333,44860.0,14840.0,2.38,3.3874999999999997,3.5833333333333335,2.9999000000000002,0.0,0.0,27,0,0.009772460262913276,0.0,10.7113018080742,0.375,1.0,0.0
27-2031,Dancers,0.0,0.0416666666666666,0.0833333333333333,,11510.0,1.19,2.745,4.1499999999999995,1.9385061493850615,0.004189501632596381,0.0,27,0,0.007579583397987318,0.0,,0.0416666666666666,0.0,0.0
27-2032,Choreographers,0.0801,0.4857142857142857,0.2,59090.0,4190.0,2.38,2.9175,4.170000000000001,3.5238523852385244,0.015579709196217734,0.0,27,0,0.002759205424636565,1.0,10.98681698433972,0.4056142857142857,0.0,0.0
27-2041,Music Directors and Composers,0.0368,0.894736842105263,0.3859649122807017,87840.0,10770.0,3.61,1.9175,4.1433333333333335,7.064906490649065,0.23356471601724965,0.0,27,0,0.007092277428003772,1.0,11.383272256743357,0.8579368421052631,0.0,0.0
27-2042,Musicians and Singers,0.0,0.5714285714285714,0.1632653061224489,,35520.0,1.82,1.6724999999999999,3.5666666666666664,5.38933893389339,0.05079770729523124,0.0,27,0,0.023390686559210214,0.0,,0.5714285714285714,0.0,0.0
27-2091,,,0.631578947368421,0.5789473684210527,,7190.0,,,,,0.0,0.0,27,0,0.004734770167813103,,,,,
27-2099,,,,,,14720.0,,,,,0.0,0.0,27,0,0.009693437673186214,,,,,
27-3011,Broadcast Announcers and Radio Disc Jockeys,0.0634,0.9,0.6000000000000001,86950.0,25070.0,3.76,2.4749999999999996,4.419999999999999,4.3995999999999995,0.02382779053539205,0.0,27,0,0.01650913603714527,1.0,11.37308851978243,0.8366,0.0,0.0
27-3023,"News Analysts, Reporters, and Journalists",0.2098,1.0,0.8333333333333334,101430.0,45020.0,3.81,2.33,4.276666666666667,,0.47288999677932064,0.0,27,0,0.02964664157926925,1.0,11.527124184370042,0.7902,0.0,0.0
27-3031,Public Relations Specialists,0.453,0.9393939393939394,0.9393939393939394,77720.0,275550.0,4.24,1.955,4.34,6.181800000000001,0.5006454450952722,0.0,27,0,0.181455621660765,1.0,11.260867903491377,0.48639393939393943,0.0,0.0
27-3041,Editors,0.246,0.9411764705882352,0.7647058823529411,85110.0,95700.0,4.57,1.5274999999999999,4.3566666666666665,6.3914,1.2819874995745053,0.0,27,0,0.06302051530733156,1.0,11.351699816471006,0.6951764705882352,0.0,0.0
27-3042,Technical Writers,0.4747,0.9333333333333332,0.9333333333333332,86620.0,47970.0,4.61,1.4425,3.903333333333333,5.306469353064694,1.790619182156915,0.0,27,0,0.031589280243392845,1.0,11.369286014768617,0.4586333333333332,0.0,0.0
27-3043,Writers and Authors,0.2462,0.9444444444444444,0.9074074074074074,87590.0,49450.0,3.63,1.695,3.455,5.035100000000001,2.403595639776179,0.0,27,0,0.032563892183359935,1.0,11.380422115157135,0.6982444444444444,0.0,0.0
27-3091,Interpreters and Translators,0.4304,0.88,0.88,63080.0,51560.0,3.26,2.1475,4.033333333333333,6.265200000000001,0.6178205688819535,0.0,27,0,0.0339533727193941,1.0,11.052159041076974,0.4496,0.0,0.0
27-3092,Court Reporters and Simultaneous Captioners,0.3431,1.0,0.9166666666666666,71040.0,12390.0,4.64,1.245,4.63,3.4297570242975706,0.0773748582770151,0.0,27,0,0.008159082389319103,1.0,11.170998377666052,0.6569,0.0,1.0
27-3099,,,,,87140.0,23230.0,,,,,0.0027493604463913056,0.0,27,0,0.015297456327996993,,11.375271299671432,,,
27-4011,Audio and Video Technicians,0.0173,0.75,0.475,59260.0,66700.0,4.54,1.9225,4.163333333333333,4.265226522652265,0.12660150246002283,0.0,27,0,0.04392338945662504,1.0,10.989689821127556,0.7327,0.0,0.0
27-4012,Broadcast Technicians,0.0197,0.7619047619047619,0.3333333333333333,71600.0,26190.0,4.58,2.225,4.0,4.0311,0.054594443149771986,0.0,27,0,0.017246680207931176,1.0,11.178850352948738,0.7422047619047618,0.0,0.0
27-4014,Sound Engineering Technicians,0.0,0.7777777777777777,0.5555555555555556,74100.0,14600.0,4.92,1.9675,3.6633333333333336,4.12,0.011390207563621453,0.0,27,0,0.009614415083459152,0.0,11.213170811284177,0.7777777777777777,0.0,0.0
27-4015,,,0.25,0.1875,73250.0,9520.0,,,,,0.0,0.0,27,0,0.006269125451680215,,11.201633526879315,,,
27-4021,Photographers,0.195,0.7291666666666666,0.4166666666666666,53380.0,53630.0,4.68,2.815,4.3999999999999995,3.7730226977302275,0.10185725844250036,0.0,27,0,0.03531651239218592,1.0,10.885191422958515,0.5341666666666667,0.0,0.0
27-4031,"Camera Operators, Television, Video, and Film",0.1651,0.7878787878787878,0.3333333333333333,71890.0,23940.0,4.29,2.8000000000000003,4.396666666666667,4.3886,0.006546096300931757,0.0,27,0,0.015765006650548776,1.0,11.182892451977917,0.6227787878787878,0.0,0.0
27-4032,Film and Video Editors,0.2234,0.9444444444444444,0.8055555555555555,83470.0,29240.0,4.87,1.8424999999999998,3.9899999999999998,5.1685,0.1277797997941903,0.0,27,0,0.019255171030160657,1.0,11.332242564844782,0.7210444444444444,0.0,0.0
27-4099,,,,,75860.0,11430.0,,,,,0.0,0.0,27,0,0.00752690167150261,,11.23664481524289,,,
29-1011,Chiropractors,0.0,0.7272727272727273,0.5454545454545454,89760.0,41480.0,3.86,1.9674999999999998,4.526666666666666,10.0625,0.018590913494646526,0.0,29,0,0.027315705106521856,0.0,11.404894720756523,0.7272727272727273,0.0,1.0
29-1021,"Dentists, General",0.0309,0.45,0.3,191750.0,121640.0,3.3,1.75,4.743333333333333,9.9878,0.03325416920873386,0.0,29,0,0.08010323937216292,1.0,12.163947719229503,0.41910000000000003,0.0,1.0
29-1022,Oral and Maxillofacial Surgeons,0.0,0.08,0.16,334310.0,4160.0,3.68,2.2075,4.740000000000001,11.642400000000002,0.0,0.0,29,0,0.0027394728361410537,0.0,12.719823985212368,0.08,0.0,1.0
29-1023,Orthodontists,0.0,0.6000000000000001,0.4,243620.0,6400.0,3.61,1.7049999999999998,4.87,10.73132686731327,0.003927657780559094,0.0,29,0,0.00421457359406316,0.0,12.40336491325395,0.6000000000000001,0.0,1.0
29-1024,Prosthodontists,0.0,0.0909090909090909,0.1818181818181818,240750.0,570.0,3.94,1.6124999999999998,4.59,11.3775,0.0066770182269504,0.0,29,0,0.00037536046072125014,0.0,12.391514329660373,0.0909090909090909,0.0,1.0
29-1029,,,,,244470.0,5920.0,,,,,0.0,0.0,29,0,0.0038984805745084223,,12.406847880982376,,,
29-1031,Dietitians and Nutritionists,0.1328,0.951219512195122,0.6585365853658537,71280.0,73860.0,4.17,1.74,4.3933333333333335,7.166716671667167,0.17059126960228532,0.0,29,0,0.04863881338398515,1.0,11.17437106214469,0.818419512195122,0.0,0.0
29-1041,Optometrists,0.0,0.6000000000000001,0.1,143000.0,41390.0,4.24,1.65,4.7299999999999995,10.952399999999997,0.011128363711584167,0.0,29,0,0.027256437665355338,0.0,11.870599909242044,0.6000000000000001,0.0,1.0
29-1051,Pharmacists,0.0896,0.7428571428571429,0.5142857142857142,134790.0,331700.0,4.16,2.2275,4.86,10.286000000000001,0.0709596839021017,0.0,29,0,0.2184334470548047,1.0,11.811473290732316,0.6532571428571429,0.0,1.0
29-1071,Physician Assistants,0.0,0.5416666666666666,0.2202380952380952,130490.0,145740.0,3.585,2.2837500000000004,4.53,7.096154807740386,0.021209352015019188,0.0,29,0,0.09597374306230701,0.0,11.779051874456293,0.5416666666666666,0.0,1.0
29-1081,Podiatrists,0.0,0.5714285714285714,0.3809523809523809,162520.0,9470.0,4.45,2.05,4.5633333333333335,11.123299999999999,0.0,0.0,29,0,0.006236251864965331,0.0,11.998556350101664,0.5714285714285714,0.0,1.0
29-1122,Occupational Therapists,0.008,0.4674242424242424,0.5208333333333334,96790.0,144840.0,3.62,2.8275,4.336666666666667,7.602750000000001,0.045560830254485915,0.0,29,0,0.09538106865064189,1.0,11.480298962143134,0.4594242424242424,0.0,0.0
29-1123,Physical Therapists,0.0174,0.2978723404255319,0.5531914893617021,100440.0,240820.0,3.86,2.26,4.783333333333334,9.0599,0.045298986402448525,0.0,29,0,0.15858650201910784,1.0,11.517315813271521,0.28047234042553193,0.0,1.0
29-1124,Radiation Therapists,0.0,0.5121951219512195,0.3170731707317073,104420.0,16640.0,4.38,2.4925,4.3566666666666665,5.1635,0.00837900326519266,0.0,29,0,0.010957891344564215,0.0,11.556176506964544,0.5121951219512195,0.0,0.0
29-1125,Recreational Therapists,0.0,0.5454545454545454,0.6363636363636364,60910.0,15540.0,3.64,2.8125,4.573333333333333,6.1081,0.017805381938534665,0.0,29,0,0.01023351150808461,0.0,11.01715264383053,0.5454545454545454,0.0,1.0
29-1126,Respiratory Therapists,0.0,0.3095238095238095,0.2857142857142857,80340.0,129750.0,3.79,2.5650000000000004,4.666666666666667,5.0221,0.09963158570018353,0.0,29,0,0.08544389434838984,0.0,11.294022907913273,0.3095238095238095,0.0,1.0
29-1127,Speech-Language Pathologists,0.0,0.7317073170731707,0.6829268292682927,92630.0,172100.0,4.31,2.01,4.596666666666667,8.1148,0.024613322091503808,0.0,29,0,0.11333251805285466,0.0,11.436368342248073,0.7317073170731707,0.0,1.0
29-1128,Exercise Physiologists,0.0,0.48,0.4,57050.0,8060.0,4.0,2.5225,4.6066666666666665,7.0909,0.10107172688638841,0.0,29,0,0.005307728620023292,0.0,10.951683355290221,0.48,0.0,1.0
29-1129,"Therapists, All Other",0.0402,0.6432624113475177,0.6932624113475178,75660.0,16490.0,3.27,1.9312500000000001,4.28,7.305115255762788,0.179624882497571,0.0,29,0,0.01085911227595336,1.0,11.23400489818702,0.6030624113475177,0.0,0.0
29-1131,Veterinarians,0.0926,0.4594594594594595,0.4324324324324324,136300.0,78220.0,3.24,2.435,4.836666666666667,11.0264,0.022256727423168334,0.0,29,0,0.051509991644940675,1.0,11.822613617684624,0.36685945945945947,0.0,1.0
29-1141,Registered Nurses,0.0595,0.6908921729611385,0.5115959027289076,94480.0,3175390.0,4.186,2.1545,4.524,6.821592863714549,0.3151290759268606,0.0,29,0,2.091080444508159,1.0,11.456143450871243,0.6313921729611385,0.0,1.0
29-1151,Nurse Anesthetists,0.0,0.3333333333333333,0.25,214200.0,47810.0,4.15,2.0675,4.57,9.740800000000002,0.0,0.0,29,0,0.03148418180189995,0.0,12.274665436995786,0.3333333333333333,0.0,1.0
29-1161,Nurse Midwives,0.052,0.5853658536585367,0.4878048780487805,131570.0,6960.0,4.0,1.9525000000000001,4.796666666666667,8.125012501250126,0.04883387840495179,0.0,29,0,0.004583348783543687,1.0,11.787294308359884,0.5333658536585366,0.0,1.0
29-1171,Nurse Practitioners,0.0944,0.9259259259259258,0.5555555555555556,128490.0,280140.0,4.2,2.1725,4.666666666666667,8.869613038696132,0.145323337880688,0.0,29,0,0.18447978853763336,1.0,11.763606359277526,0.8315259259259258,0.0,1.0
29-1181,Audiologists,0.0,0.7727272727272727,0.6818181818181819,92620.0,13880.0,4.77,1.6025,4.773333333333333,11.045499999999999,0.0051059551147267825,0.0,29,0,0.009140356482124478,0.0,11.436260380034742,0.7727272727272727,0.0,1.0
29-1211,Anesthesiologists,0.0,0.5,0.5294117647058824,339470.0,33470.0,3.33,1.8924999999999998,4.476666666666667,11.605500000000001,0.0032730481504658782,0.0,29,0,0.02204090284270218,0.0,12.735140856833445,0.5,0.0,1.0
29-1212,,,0.6923076923076923,0.3846153846153846,423250.0,15190.0,,,,,0.0,0.0,29,0,0.010003027014659282,,12.955718299995382,,,
29-1213,Dermatologists,0.0,0.7647058823529411,0.4705882352941176,342860.0,12040.0,4.12,2.1,4.88,10.723700000000001,0.0,0.0,29,0,0.007928666573831318,0.0,12.745077479561472,0.7647058823529411,0.0,1.0
29-1214,,,0.8235294117647058,0.5294117647058824,306640.0,35100.0,4.34,2.0675,4.876666666666666,11.586199999999998,0.0,0.0,29,0,0.023114302054940142,,12.633429700054437,,0.0,1.0
29-1215,Family Medicine Physicians,0.0,0.875,0.5416666666666666,240790.0,112010.0,4.55,1.7275,4.866666666666666,10.87028702870287,0.06546096300931897,0.0,29,0,0.07376162316734601,0.0,12.391680463315279,0.875,0.0,1.0
29-1216,General Internal Medicine Physicians,0.084,0.9142857142857144,0.4571428571428571,245450.0,67210.0,4.1,1.8775,4.413333333333333,11.5301,0.037836436619386266,0.0,29,0,0.044259608008903904,1.0,12.4108485394862,0.8302857142857144,0.0,0.0
29-1217,Neurologists,0.0,0.8695652173913043,0.6086956521739131,271470.0,9350.0,3.97,1.7074999999999998,4.716666666666667,11.277472252774723,0.0027493604463913056,0.0,29,0,0.006157228610076648,0.0,12.511606915013289,0.8695652173913043,0.0,1.0
29-1218,Obstetricians and Gynecologists,0.0685,0.7857142857142857,0.4285714285714285,278660.0,19820.0,4.18,2.0949999999999998,4.8066666666666675,11.705600000000002,0.0056296428188013555,0.0,29,0,0.013052007599114348,1.0,12.537747679667582,0.7172142857142857,0.0,1.0
29-1221,"Pediatricians, General",0.0,0.9666666666666668,0.5,205860.0,34870.0,4.02,2.09,4.42,11.770299999999999,0.02448240016548517,0.0,29,0,0.022962840816403495,0.0,12.23495160508055,0.9666666666666668,0.0,0.0
29-1222,"Physicians, Pathologists",0.1577,0.8787878787878788,0.5757575757575758,270560.0,11020.0,4.28,1.535,3.81,11.413,0.06519911915728159,0.0,29,0,0.007256968907277504,1.0,12.508249164132407,0.7210878787878787,0.0,0.0
29-1223,Psychiatrists,0.0,0.8695652173913043,0.7826086956521738,256930.0,24830.0,3.46,1.4675,4.396666666666667,11.374062593740627,0.024875165943541097,0.0,29,0,0.016351228490716917,0.0,12.45655895323609,0.8695652173913043,0.0,0.0
29-1224,Radiologists,0.199,0.977777777777778,0.7111111111111111,353960.0,31960.0,4.47,1.715,4.373333333333334,10.6706,0.17307878619663922,0.0,29,0,0.021046526885352905,1.0,12.776939191381286,0.778777777777778,0.0,0.0
29-1229,"Physicians, All Other",0.0297,0.733812518718179,0.5197064989517819,248640.0,310080.0,4.194999999999999,2.07125,4.623888888888889,11.260362327294546,0.09151442628702766,0.0,29,0,0.20419609063236008,1.0,12.42376134616142,0.704112518718179,0.0,1.0
29-1241,"Ophthalmologists, Except Pediatric",0.0,0.7941176470588235,0.5588235294117647,312120.0,11530.0,3.05,1.935,4.896666666666667,9.93039303930393,0.015186943418161805,0.0,29,0,0.007592817740554411,0.0,12.651143008230697,0.7941176470588235,0.0,1.0
29-1242,"Orthopedic Surgeons, Except Pediatric",0.0,0.6,0.4,378250.0,14820.0,,,,,0.003316688792472126,0.0,29,0,0.009759371978752504,0.0,12.843310631650603,0.6,,
29-1243,Pediatric Surgeons,0.0,0.611111111111111,0.3888888888888888,449320.0,1180.0,,,,,0.003316688792472126,0.0,29,0,0.000777062006405395,0.0,13.015490607755506,0.611111111111111,,
29-1249,,,,,343990.0,26370.0,,,,,0.003316688792472126,0.0,29,0,0.017365360261788365,,12.748367866165559,,,
29-1291,Acupuncturists,0.0,0.1666666666666666,0.4444444444444444,84260.0,9370.0,3.03,2.1125,4.363333333333333,8.143099999999999,0.028148214094007074,0.0,29,0,0.006170399152558095,0.0,11.341662535533008,0.1666666666666666,0.0,0.0
29-1292,Dental Hygienists,0.0,0.3125,0.1875,89890.0,211630.0,3.82,1.6025,4.61,5.847800000000001,0.006938862078987786,0.0,29,0,0.1393640952674354,0.0,11.406341979567445,0.3125,0.0,1.0
29-1299,"Healthcare Diagnosing or Treating Practitioners, All Other",0.0222,0.796474358974359,0.48637820512820507,123840.0,31100.0,3.92,1.62,4.638333333333334,9.073653682684135,0.052630614259492246,0.0,29,0,0.020480193558650668,1.0,11.726745688823554,0.774274358974359,0.0,1.0
29-2010,,,,,62870.0,334380.0,,,,,0.0,0.0,29,0,0.22019829974731864,,11.048824381377107,,,
29-2011,,,0.5370720443349754,0.283740763546798,,,4.125,1.65125,3.674166666666667,5.998100047498813,0.09282364554721408,0.0,29,0,,,,,0.0,0.0
29-2012,,,0.33928571428571425,0.0952380952380952,,,3.885,1.8724999999999998,3.785,5.21155,0.08339726687387236,0.0,29,0,,,,,0.0,0.0
29-2031,Cardiovascular Technologists and Technicians,0.0,0.6285714285714286,0.2285714285714285,70270.0,55660.0,4.3,2.0075000000000003,4.636666666666667,4.5875,0.016365240752329594,0.0,29,0,0.036653619725868045,0.0,11.160100244186243,0.6285714285714286,0.0,1.0
29-2032,Diagnostic Medical Sonographers,0.0,0.5,0.4473684210526315,89020.0,82780.0,3.98,2.0225,4.463333333333334,5.616499999999999,0.002225672742316833,0.0,29,0,0.054512875330710676,0.0,11.396616342569846,0.5,0.0,1.0
29-2033,Nuclear Medicine Technologists,0.0513,0.5161290322580645,0.3548387096774194,95080.0,16560.0,4.55,2.025,4.71,5.43075692430757,0.02120935201501929,0.0,29,0,0.010905209174638426,1.0,11.46247392147413,0.4648290322580645,0.0,1.0
29-2034,Radiologic Technologists and Technicians,0.0,0.7543859649122806,0.4561403508771929,75250.0,221170.0,4.29,2.335,4.673333333333333,4.7759,0.025398853647615467,0.0,29,0,0.1456464440310858,0.0,11.228571182611121,0.7543859649122806,0.0,1.0
29-2035,Magnetic Resonance Imaging Technologists,0.039,0.6,0.3111111111111111,86600.0,41340.0,4.52,1.9674999999999998,4.233333333333333,4.739226077392262,0.028802823724100195,0.0,29,0,0.027223511309151724,1.0,11.369055094550527,0.5609999999999999,0.0,0.0
29-2036,,,0.75,0.5,131850.0,3900.0,4.8,1.325,3.7166666666666663,6.7,0.0,0.0,29,0,0.002568255783882238,,11.789420191781433,,0.0,0.0
29-2042,Emergency Medical Technicians,0.0,0.25,0.4166666666666666,43100.0,167040.0,,,,,0.0018983679272702256,0.0,29,0,0.11000037080504846,0.0,10.671278276091838,0.25,,
29-2043,Paramedics,0.0,0.2307692307692307,0.3846153846153846,57450.0,98770.0,,,,,0.0018983679272702256,0.0,29,0,0.06504272404462787,0.0,10.958670283276902,0.2307692307692307,,
29-2051,Dietetic Technicians,0.2446,0.9130434782608696,0.7826086956521738,38440.0,24240.0,3.0,2.575,4.506666666666667,3.7699000000000003,0.05367798966764138,0.0,29,0,0.015962697487514218,1.0,10.556853863084228,0.6684434782608696,0.0,1.0
29-2052,Pharmacy Technicians,0.0735,0.5588235294117647,0.6176470588235294,43330.0,460280.0,4.17,2.6325000000000003,4.383333333333333,2.9808,0.002618438520372763,0.0,29,0,0.3031068646680299,1.0,10.676600514733956,0.4853235294117647,0.0,0.0
29-2053,Psychiatric Technicians,0.0,0.24,0.52,43650.0,115940.0,3.13,2.65,3.84,4.2669999999999995,0.002225672742316833,0.0,29,0,0.07634963476495044,0.0,10.683958561267747,0.24,0.0,0.0
29-2055,Surgical Technologists,0.0,0.1,0.0333333333333333,62250.0,110320.0,2.85,2.395,4.406666666666666,3.9938,0.001963828890279547,0.0,29,0,0.07264871232766372,0.0,11.038913814326953,0.1,0.0,0.0
29-2056,Veterinary Technologists and Technicians,0.0,0.2622950819672131,0.2295081967213114,44040.0,122000.0,3.28,2.8225,4.28,3.7771999999999992,0.010735597933528239,0.0,29,0,0.08034030913682898,0.0,10.692853590836616,0.2622950819672131,0.0,0.0
29-2057,Ophthalmic Medical Technicians,0.0,0.6052631578947368,0.1842105263157894,44290.0,73390.0,4.09,2.115,4.713333333333334,2.6364,0.0,0.0,29,0,0.04832930563567114,0.0,10.698514196917245,0.6052631578947368,0.0,1.0
29-2061,Licensed Practical and Licensed Vocational Nurses,0.0,0.4210526315789473,0.4473684210526315,60790.0,630250.0,3.77,2.435,4.3566666666666665,4.033099999999999,0.002618438520372763,0.0,29,0,0.4150367199466104,0.0,11.015180580742769,0.4210526315789473,0.0,0.0
29-2072,Medical Records Specialists,0.6674,1.0,0.8823529411764706,53690.0,185690.0,,,,,0.04824472973786789,0.0,29,0,0.12228190166899815,1.0,10.890982043416615,0.3326,,
29-2081,"Opticians, Dispensing",0.0,0.4761904761904761,0.3333333333333333,47560.0,76770.0,4.3,1.815,4.859999999999999,3.0834,0.0,0.0,29,0,0.05055512731503574,0.0,10.769747350804717,0.4761904761904761,0.0,1.0
29-2091,Orthotists and Prosthetists,0.0,0.3793103448275862,0.3793103448275862,80500.0,8820.0,4.14,2.2525000000000004,4.426666666666667,7.85,0.0,0.0,29,0,0.005808209234318292,0.0,11.296012463406655,0.3793103448275862,0.0,1.0
29-2092,Hearing Aid Specialists,0.0,0.4,0.1,61550.0,10250.0,4.3,1.5175,4.56,6.990900909909009,0.0,0.0,29,0,0.006749903021741778,0.0,11.0276051316126,0.4,0.0,1.0
29-2099,"Health Technologists and Technicians, All Other",0.0445,0.7591269841269841,0.3976190476190476,54220.0,171110.0,4.326666666666667,1.9191666666666665,4.694444444444444,4.329844328144271,0.12359029816159423,0.11874618689890463,29,0,0.11268057620002302,1.0,10.900805123052656,0.7146269841269841,0.0,1.0
29-9021,Health Information Technologists and Medical Registrars,0.3063,1.0,0.75,70260.0,34430.0,,,,,0.04824472973786789,0.0,29,0,0.022673088881811652,1.0,11.159957925819818,0.6937,,
29-9091,Athletic Trainers,0.0531,0.4651162790697674,0.4883720930232558,61540.0,28480.0,3.2,3.46,4.5633333333333335,6.7554,0.011128363711584068,0.0,29,0,0.01875485249358106,1.0,11.027442648876033,0.4120162790697674,1.0,1.0
29-9092,Genetic Counselors,0.0123,0.894736842105263,0.894736842105263,98130.0,3050.0,4.26,1.3825,4.58,8.0,0.07305443471839998,0.0,29,0,0.002008507728420725,1.0,11.49404840920054,0.8824368421052631,0.0,1.0
29-9093,Surgical Assistants,0.0,0.0784313725490196,0.0784313725490196,65190.0,18780.0,3.53,2.325,4.3933333333333335,5.123575284943011,0.004975033188708139,0.0,29,0,0.012367139390079085,0.0,11.085061361918585,0.0784313725490196,0.0,0.0
29-9099,"Healthcare Practitioners and Technical Workers, All Other",0.0,0.6,0.3999999999999999,70800.0,36900.0,3.5,1.8,4.493333333333333,5.6213,0.028540979872062906,0.0,29,0,0.024299650878270407,0.0,11.16761427968181,0.6,0.0,1.0
31-1120,,,,,33380.0,3689350.0,,,,,0.0,0.0,31,0,2.4295362224951704,,10.415712197215827,,,
31-1121,,,0.0769230769230769,0.0769230769230769,,,1.91,2.25,3.97,2.6084608460846086,0.0023565946683354764,0.0,31,0,,,,,0.0,0.0
31-1122,,,0.2777777777777778,0.4444444444444444,,,3.47,2.7725,4.0633333333333335,2.6813,0.028802823724100392,0.028802823724100392,31,0,,,,,0.0,0.0
31-1131,Nursing Assistants,0.0,0.1525423728813559,0.2372881355932203,39610.0,1351760.0,3.08,3.1325,4.116666666666666,3.464353564643535,0.014270489936031404,0.0,31,0,0.8901703238023153,0.0,10.586836890615963,0.1525423728813559,0.0,0.0
31-1132,Orderlies,0.0,0.0,0.09375,38440.0,48710.0,2.45,3.235,4.24,1.9758000000000002,0.004189501632596381,0.0,31,0,0.032076845351549664,0.0,10.556853863084228,0.0,0.0,0.0
31-1133,Psychiatric Aides,0.0,0.125,0.25,41000.0,32310.0,2.96,2.6599999999999997,4.166666666666666,3.5288999999999997,0.0,0.0,31,0,0.021277004173856903,0.0,10.621327345686446,0.125,0.0,0.0
31-2011,Occupational Therapy Assistants,0.0,0.3488372093023256,0.3255813953488372,68170.0,46090.0,3.97,2.6750000000000003,4.163333333333333,4.9857,0.02710083868585803,0.0,31,0,0.03035150487072314,0.0,11.129759864356831,0.3488372093023256,0.0,0.0
31-2012,Occupational Therapy Aides,0.0661,0.2592592592592592,0.1481481481481481,42060.0,4430.0,3.9,2.66,4.256666666666667,3.5696000000000003,0.002225672742316833,0.0,31,0,0.0029172741717792042,1.0,10.646852449256691,0.1931592592592592,0.0,0.0
31-2021,Physical Therapist Assistants,0.0,0.2051282051282051,0.2051282051282051,65860.0,104000.0,4.14,2.3024999999999998,4.653333333333333,5.197280271972803,0.0,0.0,31,0,0.06848679771219802,0.0,11.095286555930356,0.2051282051282051,0.0,1.0
31-2022,Physical Therapist Aides,0.0,0.2424242424242424,0.2424242424242424,34810.0,42390.0,4.01,2.515,4.33,4.117888211178882,0.0,0.0,31,0,0.02791495533673148,0.0,10.457659980805484,0.2424242424242424,0.0,0.0
31-9011,Massage Therapists,0.0,0.074074074074074,0.2962962962962963,62560.0,92650.0,2.27,2.1175,4.513333333333334,3.3846615338466157,0.0200310546808515,0.0,31,0,0.061012517384953335,0.0,11.043881375219193,0.074074074074074,0.0,1.0
31-9091,Dental Assistants,0.0,0.4,0.2,47350.0,370690.0,4.45,2.4625000000000004,4.3500000000000005,3.0503000000000005,0.005498720892782712,0.0,31,0,0.24410933696091042,0.0,10.765322098614224,0.4,0.0,0.0
31-9092,Medical Assistants,0.0476,0.5384615384615384,0.2307692307692307,43350.0,763040.0,4.68,1.97,4.423333333333333,3.4917000000000002,0.010473754081490953,0.0,31,0,0.5024823665991882,1.0,10.677061982208688,0.49086153846153846,0.0,1.0
31-9093,Medical Equipment Preparers,0.0,0.1481481481481481,0.074074074074074,47410.0,66790.0,3.52,2.5524999999999998,4.419999999999999,3.225,0.0,0.0,31,0,0.04398301172305486,0.0,10.766588455896164,0.1481481481481481,0.0,0.0
31-9094,Medical Transcriptionists,0.6365,0.9285714285714284,0.3214285714285714,39090.0,52420.0,4.84,1.9275000000000002,4.346666666666667,3.3838,0.11010533978167449,0.0,31,0,0.03451998015455211,1.0,10.573621958787001,0.2920714285714284,0.0,0.0
31-9095,Pharmacy Aides,0.022,0.52,0.2,38980.0,43830.0,4.51,2.5025000000000004,4.580000000000001,2.1429,0.021733039719093863,0.0,31,0,0.02886323407428499,1.0,10.570803973061551,0.498,0.0,1.0
31-9096,Veterinary Assistants and Laboratory Animal Caretakers,0.0179,0.3333333333333333,0.1481481481481481,37310.0,115770.0,3.94,3.3625000000000003,4.243333333333333,2.1497149714971493,0.03875289010151687,0.0,31,0,0.07623765933789582,1.0,10.527016666215204,0.31543333333333334,1.0,0.0
31-9097,Phlebotomists,0.0,0.2195121951219512,0.1707317073170731,43130.0,137080.0,4.41,2.705,4.636666666666667,3.091190880911909,0.010473754081490953,0.0,31,0,0.0902708675998856,0.0,10.671974089641889,0.2195121951219512,0.0,1.0
31-9099,"Healthcare Support Workers, All Other",0.0,0.5307017543859648,0.15789473684210525,47010.0,102230.0,3.63,2.14,4.328333333333333,4.195390230488476,0.005236877040745526,0.0,31,0,0.06732120509728849,0.0,10.758115624018176,0.5307017543859648,0.0,0.0
33-1011,First-Line Supervisors of Correctional Officers,0.0315,0.3478260869565217,0.3478260869565217,76840.0,52280.0,4.08,3.3625,4.289999999999999,3.211221122112211,0.0051059551147267825,0.0,33,0,0.03442783512860094,1.0,11.249480616882494,0.31632608695652165,1.0,0.0
33-1012,First-Line Supervisors of Police and Detectives,0.0,0.5526315789473684,0.5526315789473684,106000.0,138140.0,4.08,3.205,4.8133333333333335,3.287,0.01845999156862768,0.0,33,0,0.09096903490177762,0.0,11.571194373094205,0.5526315789473684,0.0,1.0
33-1021,First-Line Supervisors of Firefighting and Prevention Workers,0.0,0.6037735849056604,0.490566037735849,90740.0,84120.0,3.4,3.6374999999999997,4.66,3.6868,0.00968822252537909,0.0,33,0,0.05539536134311229,0.0,11.415753553217955,0.6037735849056604,1.0,1.0
33-1091,,,0.5714285714285714,0.3809523809523809,59580.0,64900.0,3.9,2.9299999999999997,4.773333333333333,3.921807819218078,0.0,0.0,33,0,0.04273845638573453,,10.995075226267273,,0.0,1.0
33-1099,,,,,67870.0,19620.0,,,,,0.0,0.0,33,0,0.012920316090725905,,11.125349389697805,,,
33-2011,Firefighters,0.0,0.175438596491228,0.1052631578947368,60390.0,315460.0,3.08,3.6125,4.7,3.0200020002000207,0.0,0.0,33,0,0.20773919031500482,0.0,11.008578807301946,0.175438596491228,1.0,1.0
33-2021,Fire Inspectors and Investigators,0.0,0.4423076923076923,0.5192307692307693,82510.0,14200.0,3.94,3.565,4.8500000000000005,3.3274327432743274,0.0,0.0,33,0,0.009351095233858709,0.0,11.32067477709839,0.4423076923076923,1.0,1.0
33-2022,Forest Fire Inspectors and Prevention Specialists,0.0,0.3125,0.5,61090.0,2270.0,3.44,3.9725,4.673333333333333,3.9377999999999997,0.0,0.0,33,0,0.0014948581817506529,0.0,11.020103465643812,0.3125,1.0,1.0
33-3011,Bailiffs,0.0,0.0357142857142857,0.25,58460.0,15900.0,3.57,2.5100000000000002,4.463333333333334,3.1496149614961495,0.0,0.0,33,0,0.010470592550588274,0.0,10.976098038665237,0.0357142857142857,0.0,1.0
33-3012,Correctional Officers and Jailers,0.0,0.2954545454545454,0.3636363636363636,58810.0,351420.0,3.81,2.94,4.59,2.2271,0.024351478239466623,0.0,33,0,0.23141985120300193,0.0,10.982067187454001,0.2954545454545454,0.0,1.0
33-3021,Detectives and Criminal Investigators,0.0374,0.7064353946706888,0.6182001005530418,95930.0,106730.0,4.173333333333333,2.6083333333333334,4.225555555555555,4.542397173521765,0.12071001578918387,0.0,33,0,0.0702846756556155,1.0,11.471374037811993,0.6690353946706888,0.0,0.0
33-3031,Fish and Game Wardens,0.0,0.4772727272727273,0.2727272727272727,61120.0,6290.0,3.75,3.465,4.7299999999999995,5.3498650134986505,0.005629642818801355,0.0,33,0,0.0041421400718993865,0.0,11.020594423840402,0.4772727272727273,1.0,1.0
33-3041,Parking Enforcement Workers,0.0,0.4615384615384615,0.5384615384615384,50430.0,7420.0,3.5,3.33,4.153333333333333,2.0733073307330736,0.0,0.0,33,0,0.00488627652360786,0.0,10.828341515070772,0.4615384615384615,1.0,0.0
33-3051,Police and Sheriff's Patrol Officers,0.1234,0.5250410509031198,0.3780788177339901,76550.0,646310.0,4.4,3.3325000000000005,4.7733333333333325,3.54065,0.14309766513837138,0.0,33,0,0.42561312398557904,1.0,11.24569940108583,0.4016410509031198,1.0,1.0
33-3052,Transit and Railroad Police,0.0,0.4166666666666666,0.625,78230.0,2360.0,3.67,3.6399999999999997,4.566666666666666,4.3376662333766625,0.002225672742316833,0.0,33,0,0.0015541256867539828,0.0,11.267408484679127,0.4166666666666666,1.0,1.0
33-9011,Animal Control Workers,0.0,0.4333333333333333,0.2666666666666666,48150.0,11600.0,3.73,3.7575,4.77,2.6925,0.0,0.0,33,0,0.007638922867095847,0.0,10.782076417226271,0.4333333333333333,1.0,1.0
33-9021,Private Detectives and Investigators,0.0,0.7037037037037037,0.5555555555555556,60270.0,34600.0,4.34,2.17,4.226666666666667,4.507050705070507,0.015972474974273662,0.0,33,0,0.022785063034613473,0.0,11.00658974647709,0.7037037037037037,0.0,0.0
33-9031,Gambling Surveillance Officers and Gambling Investigators,0.0,0.625,0.625,42460.0,10660.0,4.62,1.7525000000000002,4.223333333333334,2.2437000000000005,0.0,0.0,33,0,0.007019906703727735,0.0,10.656317735257247,0.625,0.0,0.0
33-9032,Security Guards,0.0,0.1666666666666666,0.3333333333333333,40440.0,1202940.0,4.11,2.6725000000000003,4.739999999999999,2.463,0.007855315561118188,0.0,33,0,0.7921694718745067,0.0,10.607574673134408,0.1666666666666666,0.0,1.0
33-9091,Crossing Guards and Flaggers,0.0,0.1578947368421052,0.5263157894736842,40650.0,90780.0,1.98,4.195,4.093333333333334,1.9733999999999998,0.0027493604463913056,0.0,33,0,0.05978115671335871,0.0,10.612754114975957,0.1578947368421052,1.0,0.0
33-9092,"Lifeguards, Ski Patrol, and Other Recreational Protective Service Workers",0.0,0.08,0.24,31340.0,123560.0,2.5,3.285,4.33,2.4133999999999998,0.0,0.0,33,0,0.08136769909123817,0.0,10.352650515910012,0.08,1.0,0.0
33-9093,Transportation Security Screeners,0.0,0.52,0.42,51040.0,47950.0,3.0,3.12,4.39,2.1852,0.004058579706577737,0.0,33,0,0.0315764096101074,0.0,10.840364918018672,0.52,0.0,0.0
33-9094,,,0.1666666666666666,0.3888888888888888,33970.0,72320.0,,,,,0.0,0.0,33,0,0.04762473290934239,,10.43323306115463,,,
33-9099,"Protective Service Workers, All Other",0.0571,0.6585365853658537,0.5365853658536586,47420.0,82500.0,3.91,2.04,4.523333333333333,2.7543,0.019376445050758386,0.0,33,0,0.05432854625305236,1.0,10.766799359619396,0.6014365853658536,0.0,1.0
35-1011,Chefs and Head Cooks,0.0,0.4285714285714285,0.3809523809523809,62640.0,172370.0,3.21,3.2424999999999997,4.413333333333333,4.291600000000001,0.03259955957864054,0.03259955957864054,35,1,0.11351044263804408,0.0,11.045159330664685,0.4285714285714285,0.0,0.0
35-1012,First-Line Supervisors of Food Preparation and Serving Workers,0.0564,0.8,0.4666666666666667,43310.0,1176540.0,3.48,2.5400000000000005,4.176666666666667,1.7756,0.007855315561118188,0.007855315561118188,35,1,0.77478433707353,1.0,10.676138834208672,0.7436,0.0,0.0
35-2011,"Cooks, Fast Food",0.0,0.0,0.0526315789473684,29760.0,673490.0,2.14,2.315,3.9133333333333327,1.5797999999999999,0.041371328621889435,0.041371328621889435,35,1,0.44351191049658467,0.0,10.300920488947028,0.0,0.0,0.0
35-2012,"Cooks, Institution and Cafeteria",0.0,0.2068965517241379,0.1379310344827586,35920.0,435640.0,2.02,2.855,4.21,2.5132999999999996,0.010604676007509594,0.010604676007509594,35,1,0.2868810653294513,0.0,10.489049522416137,0.2068965517241379,0.0,0.0
35-2013,"Cooks, Private Household",0.0,0.32,0.4,49790.0,740.0,2.54,2.6725000000000003,3.4,2.654,0.001963828890279547,0.001963828890279547,35,1,0.00048731059669404543,0.0,10.815569439636228,0.32,0.0,0.0
35-2014,"Cooks, Restaurant",0.0116,0.1621621621621621,0.1621621621621621,36060.0,1412350.0,1.48,2.9725,3.4,2.137513751375138,0.14205028973022232,0.14205028973022232,35,1,0.930071785460588,1.0,10.492939496757309,0.1505621621621621,0.0,0.0
35-2015,"Cooks, Short Order",0.0,0.0,0.0,33920.0,126370.0,1.65,3.1075,3.58,2.1902809719028102,0.002618438520372763,0.002618438520372763,35,1,0.08321816230300881,0.0,10.43176008990584,0.0,0.0,0.0
35-2019,,,,,37610.0,18650.0,,,,,0.0,0.0,35,1,0.012281544092356685,,10.535025251464383,,,
35-2021,Food Preparation Workers,0.0,0.0555555555555555,0.0925925925925925,32960.0,879610.0,1.88,2.7024999999999997,3.516666666666666,2.807,0.03600352965512537,0.03600352965512537,35,1,0.5792476675108774,0.0,10.403049984023408,0.0555555555555555,0.0,0.0
35-3011,Bartenders,0.0,0.2777777777777778,0.1944444444444444,37090.0,711140.0,2.57,2.7224999999999997,4.383333333333334,2.0281000000000002,0.023958712461410597,0.023958712461410597,35,1,0.4683054834229777,0.0,10.521102670483636,0.2777777777777778,0.0,0.0
35-3023,Fast Food and Counter Workers,0.0,0.13103070175438591,0.1414473684210526,30110.0,3676580.0,2.545,2.8475,4.495,1.8142092895355233,0.024875165943541097,0.024875165943541097,35,1,2.421130261612694,0.0,10.312612621475779,0.13103070175438591,0.0,1.0
35-3031,Waiters and Waitresses,0.0,0.2857142857142857,0.2448979591836734,36530.0,2237850.0,3.0,3.2350000000000003,4.266666666666667,1.8024999999999998,0.02134027394103793,0.02134027394103793,35,1,1.4736865119077969,0.0,10.505889119789328,0.2857142857142857,0.0,0.0
35-3041,"Food Servers, Nonrestaurant",0.0,0.1851851851851851,0.2222222222222222,33840.0,267840.0,2.8,3.04,4.216666666666666,2.8867999999999996,0.0,0.0,35,1,0.17638009488990963,0.0,10.429398813720159,0.1851851851851851,0.0,0.0
35-9011,Dining Room and Cafeteria Attendants and Bartender Helpers,0.0,0.0,0.0,32730.0,483390.0,3.04,3.0524999999999998,4.386666666666666,1.8327000000000004,0.0,0.0,35,1,0.31832576937288465,0.0,10.396047367495227,0.0,0.0,0.0
35-9021,Dishwashers,0.0,0.0,0.0,31650.0,463940.0,1.95,2.7600000000000002,3.513333333333333,1.5809000000000002,0.0,0.0,35,1,0.3055174030138317,0.0,10.362493427572323,0.0,0.0,0.0
35-9031,"Hosts and Hostesses, Restaurant, Lounge, and Coffee Shop",0.0734,0.3999999999999999,0.4571428571428571,30750.0,425020.0,2.09,2.9825,4.486666666666666,2.419,0.18957494887498808,0.18957494887498808,35,1,0.2798874997390584,1.0,10.333645273234664,0.3265999999999999,0.0,1.0
35-9099,,,,,35430.0,86350.0,,,,,0.0,0.0,35,1,0.05686387841152814,,10.475314197859518,,,
37-1011,First-Line Supervisors of Housekeeping and Janitorial Workers,0.0436,0.3673469387755101,0.4285714285714285,49980.0,171120.0,3.74,3.0575,4.113333333333333,3.3544,0.05668919396607008,0.0,37,0,0.11268728284633116,1.0,10.819378204388943,0.3237469387755101,0.0,0.0
37-1012,"First-Line Supervisors of Landscaping, Lawn Service, and Groundskeeping Workers",0.1083,0.5636363636363636,0.4181818181818181,58920.0,126020.0,2.93,3.945,4.483333333333333,4.441044104410441,0.021863961645112503,0.0,37,0,0.0829876775613292,1.0,10.983935870576566,0.4553363636363636,1.0,1.0
37-2011,"Janitors and Cleaners, Except Maids and Housekeeping Cleaners",0.0,0.0,0.0555555555555555,36250.0,2172500.0,2.76,3.3525,3.4433333333333334,2.8640999999999996,0.0,0.0,37,0,1.4306517179970455,0.0,10.49819466028282,0.0,1.0,0.0
37-2012,Maids and Housekeeping Cleaners,0.0,0.0,0.0588235294117647,34650.0,836230.0,1.72,2.9750000000000005,3.8200000000000003,2.4003,0.010211910229453766,0.0,37,0,0.5506807300992724,0.0,10.453053004618049,0.0,0.0,0.0
37-2019,,,,,43740.0,13740.0,,,,,0.0,0.0,37,0,0.009048172430508357,,10.68601829423076,,,
37-2021,Pest Control Workers,0.046,0.3333333333333333,0.375,44650.0,93760.0,2.5,3.9175,4.36,2.1111,0.0051059551147267825,0.0,37,0,0.0617435696568023,1.0,10.706609586304646,0.28733333333333333,1.0,0.0
37-3011,Landscaping and Groundskeeping Workers,0.0,0.048780487804878,0.048780487804878,39790.0,929930.0,1.25,3.8325,3.143333333333333,2.7466999999999997,0.0,0.0,37,0,0.6123847880860726,0.0,10.591370903420975,0.048780487804878,1.0,0.0
37-3012,"Pesticide Handlers, Sprayers, and Applicators, Vegetation",0.0,0.1111111111111111,0.0555555555555555,44480.0,23520.0,2.31,3.63,3.9466666666666668,2.5275000000000003,0.0,0.0,37,0,0.0154885746408702,0.0,10.702794928924463,0.1111111111111111,1.0,0.0
37-3013,Tree Trimmers and Pruners,0.0,0.073170731707317,0.1219512195121951,52850.0,50270.0,1.44,3.6625,4.123333333333333,1.5308,0.0048441112626895965,0.0,37,0,0.03310419418352657,0.0,10.875212991298383,0.073170731707317,1.0,0.0
37-3019,,,,,46540.0,11980.0,,,,,0.0,0.0,37,0,0.007889163443776572,,10.748067436856283,,,
39-1013,First-Line Supervisors of Gambling Services Workers,0.0,0.5576923076923077,0.5,62110.0,25100.0,3.66,2.695,4.723333333333334,2.9788978897889793,0.012437582971770498,0.012437582971770498,39,1,0.016529048617595327,0.0,11.036662285553348,0.5576923076923077,0.0,1.0
39-1014,"First-Line Supervisors of Entertainment and Recreation Workers, Except Gambling Services",0.0443,0.5789473684210527,0.4210526315789473,50650.0,88140.0,,,,,0.0075498310670747215,0.0075498310670747215,39,1,0.05804264323326103,1.0,10.832694509676829,0.5346473684210526,,
39-1022,First-Line Supervisors of Personal Service Workers,0.0407,0.7241379310344828,0.4827586206896551,50090.0,106440.0,4.14,2.755,4.510000000000001,4.353300000000001,0.0075498310670747215,0.0075498310670747215,39,1,0.0700937025839381,1.0,10.821576666351662,0.6834379310344828,0.0,1.0
39-2011,Animal Trainers,0.0,0.1379310344827586,0.1379310344827586,44910.0,19240.0,2.62,3.8175000000000003,4.216666666666667,2.4579,0.002225672742316833,0.002225672742316833,39,1,0.01267007551404518,0.0,10.712415766081783,0.1379310344827586,1.0,0.0
39-2021,Animal Caretakers,0.0,0.3636363636363636,0.2121212121212121,33530.0,268830.0,2.93,3.6799999999999997,4.420000000000001,2.8472000000000004,0.004975033188708239,0.004975033188708239,39,1,0.17703203744494625,0.0,10.420195839460273,0.3636363636363636,1.0,0.0
39-3011,Gambling Dealers,0.0,0.1351351351351351,0.1891891891891892,40030.0,80570.0,1.51,2.2725,4.5200000000000005,2.1611999999999996,0.0,0.0,39,1,0.05305758753464763,0.0,10.597384451986619,0.1351351351351351,0.0,1.0
39-3012,Gambling and Sports Book Writers and Runners,0.0,0.3076923076923077,0.3846153846153846,32030.0,8700.0,2.75,2.38,4.323333333333333,2.217578242175782,0.0,0.0,39,1,0.005729192150321886,0.0,10.374428242603203,0.3076923076923077,0.0,0.0
39-3019,,,,,35650.0,13300.0,,,,,0.0,0.0,39,1,0.008758420183825411,,10.481504425842441,,,
39-3021,Motion Picture Projectionists,0.0,0.2727272727272727,0.1515151515151515,43800.0,2610.0,4.14,2.14,3.573333333333333,2.3839383938393834,0.0,0.0,39,1,0.0017187576450965656,0.0,10.687389096364537,0.2727272727272727,0.0,0.0
39-3031,"Ushers, Lobby Attendants, and Ticket Takers",0.0,0.1714285714285714,0.2571428571428571,30520.0,117560.0,2.7,2.5850000000000004,4.696666666666666,1.8409840984098411,0.007986237487136831,0.007986237487136831,39,1,0.0774165320910162,0.0,10.326137485398393,0.1714285714285714,0.0,1.0
39-3091,Amusement and Recreation Attendants,0.0619,0.2307692307692307,0.4230769230769231,30240.0,361680.0,3.24,3.65,4.926666666666667,1.4908000000000001,0.010735597933528239,0.010735597933528239,39,1,0.23817634677338156,1.0,10.31692083029347,0.16886923076923072,1.0,1.0
39-3092,Costume Attendants,0.0,0.4166666666666666,0.4722222222222222,60230.0,6300.0,2.4,2.31,3.983333333333333,3.6605000000000003,0.010211910229453666,0.010211910229453666,39,1,0.00414872535023309,0.0,11.005925846037767,0.4166666666666666,0.0,0.0
39-3093,"Locker Room, Coatroom, and Dressing Room Attendants",0.0,0.064516129032258,0.2258064516129032,34590.0,14720.0,1.46,2.6325000000000003,4.526666666666666,1.9881011898810121,0.03286140343067812,0.03286140343067812,39,1,0.009693529707211282,0.0,10.451319901931214,0.064516129032258,0.0,1.0
39-3099,,,,,34670.0,7320.0,,,,,0.0,0.0,39,1,0.004820423740270828,,10.45363003867907,,,
39-4011,Embalmers,0.0,0.04,0.08,56690.0,3380.0,3.35,3.1025,4.716666666666666,5.1363,0.0,0.0,39,1,0.0022258240767917214,0.0,10.945353107318349,0.04,0.0,1.0
39-4012,,,0.0833333333333333,0.25,44290.0,3220.0,,,,,0.0,0.0,39,1,0.0021204596234524684,,10.698514196917245,,,
39-4021,Funeral Attendants,0.0,0.1777777777777777,0.3111111111111111,35200.0,32620.0,2.5,2.8525,4.246666666666667,3.3689368936893693,0.006546096300931857,0.006546096300931857,39,1,0.02148117792454022,0.0,10.468801361586188,0.1777777777777777,0.0,0.0
39-4031,"Morticians, Undertakers, and Funeral Arrangers",0.0,0.2325581395348837,0.1860465116279069,58020.0,24200.0,3.7,2.85,4.69,4.6515,0.012961270675845071,0.012961270675845071,39,1,0.01593637356756203,0.0,10.968543057675396,0.2325581395348837,0.0,1.0
39-5011,Barbers,0.0,0.2352941176470588,0.1470588235294117,41570.0,15990.0,1.43,2.2775000000000003,4.156666666666666,2.788578857885789,0.012175739119733213,0.012175739119733213,39,1,0.010529860055591604,0.0,10.635134032246683,0.2352941176470588,0.0,0.0
39-5012,"Hairdressers, Hairstylists, and Cosmetologists",0.0304,0.1052631578947368,0.1052631578947368,41780.0,294840.0,2.95,2.36,4.71,2.7917,0.018590913494646526,0.018590913494646526,39,1,0.1941603463909086,1.0,10.640173035110557,0.0748631578947368,0.0,1.0
39-5091,"Makeup Artists, Theatrical and Performance",0.0,0.6341463414634146,0.4390243902439024,68590.0,4130.0,2.57,3.465,4.176666666666667,3.2855571114222846,0.01623431882631105,0.01623431882631105,39,1,0.00271971995181947,0.0,11.135902030493368,0.6341463414634146,1.0,0.0
39-5092,Manicurists and Pedicurists,0.0,0.1111111111111111,0.1111111111111111,36480.0,144810.0,2.0,1.4225,3.58,1.7951,0.0,0.0,39,1,0.09536141555035774,0.0,10.504519444188269,0.1111111111111111,0.0,0.0
39-5093,Shampooers,0.0,0.1428571428571428,0.1428571428571428,29260.0,7360.0,1.75,2.695,4.496666666666667,2.566,0.0037967358545404513,0.0037967358545404513,39,1,0.004846764853605641,0.0,10.283976674574115,0.1428571428571428,0.0,1.0
39-5094,Skincare Specialists,0.0,0.3333333333333333,0.1515151515151515,51100.0,65270.0,3.88,1.8175000000000001,4.8566666666666665,3.8950104989501044,0.0,0.0,39,1,0.04298211168408155,0.0,10.841539776191796,0.3333333333333333,0.0,1.0
39-6011,Baggage Porters and Bellhops,0.073,0.2222222222222222,0.2962962962962963,36100.0,28780.0,3.17,3.885,4.303333333333334,1.8470152984701529,0.014532333788068789,0.014532333788068789,39,1,0.018952431044398144,1.0,10.494048144320972,0.1492222222222222,1.0,0.0
39-6012,Concierges,0.1875,0.8,0.7333333333333333,40230.0,41020.0,3.73,2.2875,4.6066666666666665,3.0909000000000004,0.017805381938534766,0.017805381938534766,39,1,0.027012811724851007,1.0,10.602368264943834,0.6125,0.0,1.0
39-7010,,,,,40280.0,46760.0,,,,,0.0,0.0,39,1,0.03079276148839671,,10.603610346832498,,,
39-7011,,,0.3846153846153846,0.3846153846153846,,,2.39,3.05,4.436666666666667,4.4109,0.01701985038242291,0.01701985038242291,39,1,,,,,0.0,1.0
39-7012,,,0.6,0.48,,,2.82,2.7024999999999997,4.52,2.5876587658765877,0.038752890101516675,0.038752890101516675,39,1,,,,,0.0,1.0
39-9011,Childcare Workers,0.0122,0.17199017199017194,0.4434889434889435,32070.0,497450.0,1.82,2.8275,3.9516666666666667,2.9531,0.04254962595605701,0.04254962595605701,39,1,0.3275846707100715,1.0,10.375676292687201,0.15979017199017195,0.0,0.0
39-9031,Exercise Trainers and Group Fitness Instructors,0.0,0.0294117647058823,0.3235294117647059,51270.0,279450.0,2.67,3.1375,4.633333333333333,4.1426,0.005236877040745425,0.005236877040745425,39,1,0.18402560303533919,0.0,10.844861064777746,0.0294117647058823,0.0,1.0
39-9032,Recreation Workers,0.0,0.3571428571428571,0.4047619047619047,36270.0,281750.0,3.86,2.3874999999999997,4.313333333333333,4.7645,0.005498720892782712,0.005498720892782712,39,1,0.18554021705209095,0.0,10.498746232276948,0.3571428571428571,0.0,0.0
39-9041,Residential Advisors,0.067,0.38,0.38,40200.0,88700.0,3.57,2.5075,4.163333333333333,4.955,0.034825232320957474,0.034825232320957474,39,1,0.05841141881994842,1.0,10.601622274607113,0.313,0.0,0.0
39-9099,,,,,37190.0,60390.0,,,,,0.0,0.0,39,1,0.039768495857234326,,10.523795186919116,,,
41-1011,First-Line Supervisors of Retail Sales Workers,0.2627,0.8918918918918919,0.6486486486486487,52030.0,1087890.0,3.24,2.6975,4.783333333333334,2.6519999999999997,0.05105955114726843,0.05105955114726843,41,1,0.7164063800496173,1.0,10.85957575428435,0.629191891891892,0.0,1.0
41-1012,First-Line Supervisors of Non-Retail Sales Workers,0.2295,0.9629629629629628,0.7037037037037037,99020.0,227150.0,4.25,2.575,4.613333333333333,5.193600000000001,0.03849104624947918,0.03849104624947918,41,1,0.14958470914179794,1.0,11.503077128915415,0.7334629629629628,0.0,1.0
41-2011,Cashiers,0.0846,0.2790697674418604,0.4883720930232558,30710.0,3298660.0,2.87,2.625,4.413333333333333,1.9017000000000002,0.23107719942289623,0.23107719942289623,41,1,2.172261046258786,1.0,10.332343613434867,0.1944697674418604,0.0,0.0
41-2012,Gambling Change Persons and Booth Cashiers,0.0,0.2857142857142857,0.6190476190476191,36030.0,20560.0,3.78,2.4125,4.62,2.0591,0.0,0.0,41,1,0.01353934237268486,0.0,10.492107203742139,0.2857142857142857,0.0,1.0
41-2021,Counter and Rental Clerks,0.2048,0.8064516129032258,0.8064516129032258,41630.0,390300.0,3.7,2.5775,4.78,3.3548,0.15527340425810476,0.15527340425810476,41,1,0.25702360545033565,1.0,10.636576340189022,0.6016516129032258,0.0,1.0
41-2022,Parts Salespersons,0.0,0.5142857142857142,0.3999999999999999,41080.0,260770.0,4.48,3.715,4.693333333333333,3.3786378637863788,0.047262815292728175,0.047262815292728175,41,1,0.17172443144576996,0.0,10.623276664042494,0.5142857142857142,1.0,1.0
41-2031,Retail Salespersons,0.3222,0.6052631578947368,0.4473684210526315,36690.0,3684740.0,3.46,3.005,4.79,2.3094690530946904,0.13393313031706663,0.13393313031706663,41,1,2.4265056621754284,1.0,10.510259517349327,0.28306315789473685,0.0,1.0
41-3011,Advertising Sales Agents,0.1482,0.8974358974358974,0.9487179487179488,75820.0,108100.0,4.12,2.305,4.77,4.462146214621462,0.07030507427200826,0.07030507427200826,41,1,0.07118691198867867,1.0,11.236117389070326,0.7492358974358974,0.0,1.0
41-3021,Insurance Sales Agents,0.3188,1.0,0.7272727272727273,79700.0,457510.0,3.88,2.0175,4.876666666666666,4.7291,0.024482400165484964,0.024482400165484964,41,1,0.30128329420851413,1.0,11.286024864778307,0.6812,0.0,1.0
41-3031,"Securities, Commodities, and Financial Services Sales Agents",0.4413,1.0,0.7692307692307693,109710.0,479630.0,4.42,1.565,4.56,4.90258051610322,0.5273535180030733,0.5273535180030733,41,1,0.31584994076900974,1.0,11.605595799811537,0.5587,0.0,1.0
41-3041,Travel Agents,0.4054,1.0,0.875,50040.0,58250.0,4.6,1.2025000000000001,4.31,3.9288071192880705,0.027231760611876578,0.027231760611876578,41,1,0.03835927496152204,1.0,10.820577964580847,0.5946,0.0,0.0
41-3091,,,0.9333333333333332,0.8,81080.0,1142020.0,,,,,0.0,0.0,41,1,0.7520525183099982,,11.303191600565937,,,
41-4011,"Sales Representatives, Wholesale and Manufacturing, Technical and Scientific Products",0.2706,0.9176788124156546,0.761808367071525,113520.0,311780.0,3.825,2.35375,4.435,4.7045943108533725,0.3180093582992716,0.3180093582992716,41,1,0.20531596133052946,1.0,11.639734311833925,0.6470788124156546,0.0,1.0
41-4012,"Sales Representatives, Wholesale and Manufacturing, Except Technical and Scientific Products",0.6279,1.0,0.9310344827586208,80490.0,1288920.0,4.07,2.4225,4.8533333333333335,3.757824217578243,0.12791072172020906,0.12791072172020906,41,1,0.8487903293288409,1.0,11.29588823208778,0.3721,0.0,1.0
41-9011,Demonstrators and Product Promoters,0.0788,0.2051282051282051,0.5897435897435898,41090.0,50790.0,2.02,2.295,4.510000000000001,1.6890689068906888,0.08758676850646877,0.08758676850646877,41,1,0.033446653653145135,1.0,10.623520061877455,0.12632820512820508,0.0,1.0
41-9012,Models,0.0,0.3333333333333333,0.7333333333333334,68700.0,3090.0,1.38,1.6400000000000001,3.61,2.0305000000000004,0.006022408596857284,0.006022408596857284,41,1,0.0020348525258558473,0.0,11.13750447821044,0.3333333333333333,0.0,0.0
41-9021,Real Estate Brokers,0.2609,1.0,0.71875,86130.0,51350.0,3.9,2.61,4.6433333333333335,5.2126,0.06179514908079686,0.06179514908079686,41,1,0.03381542951543617,1.0,11.36361306178322,0.7391,0.0,1.0
41-9022,Real Estate Sales Agents,0.2828,0.875,0.5357142857142857,69610.0,197720.0,4.4,2.6675000000000004,4.51,2.9521952195219523,0.17792289745932865,0.17792289745932865,41,1,0.13020422052175343,1.0,11.150663514162712,0.5922000000000001,0.0,1.0
41-9031,Sales Engineers,0.3224,0.8636363636363636,0.75,130550.0,59340.0,4.19,1.5825,4.53,6.268273172682733,0.09792960066194087,0.09792960066194087,41,1,0.0390770708363385,1.0,11.779511574127275,0.5412363636363636,0.0,1.0
41-9041,Telemarketers,0.2852,1.0,0.8333333333333333,36680.0,81580.0,3.61,1.33,4.316666666666666,2.6527000000000003,0.057081959744126214,0.057081959744126214,41,1,0.053722740795896444,1.0,10.5099869263704,0.7148,0.0,0.0
41-9091,"Door-to-Door Sales Workers, News and Street Vendors, and Related Workers",0.1758,0.3478260869565217,0.5217391304347826,42200.0,6220.0,3.52,2.06,4.44,1.4347999999999999,0.028933745650118834,0.028933745650118834,41,1,0.004096046184732482,1.0,10.650175500024103,0.17202608695652166,0.0,1.0
41-9099,,,,,54150.0,114280.0,,,,,0.0,0.0,41,1,0.07525661704039037,,10.899513252429136,,,
43-1011,First-Line Supervisors of Office and Administrative Support Workers,0.1856,0.8958333333333333,0.8333333333333333,68620.0,1504570.0,4.47,1.5950000000000002,4.543333333333333,4.584,0.36147543773745966,0.36147543773745966,43,1,0.9908017568558991,1.0,11.13633931641244,0.7102333333333333,0.0,1.0
43-2011,"Switchboard Operators, Including Answering Service",0.3863,0.7419354838709677,0.5806451612903225,40020.0,43830.0,3.79,1.7674999999999998,4.656666666666666,2.2554,0.135635115355309,0.135635115355309,43,1,0.0288632905102415,1.0,10.597134608137724,0.3556354838709678,0.0,1.0
43-2021,Telephone Operators,0.0,0.9473684210526316,0.7368421052631579,42100.0,4600.0,4.38,1.545,4.76,2.0627,0.0,0.0,43,1,0.003029229667969676,0.0,10.647803019670473,0.9473684210526316,0.0,1.0
43-2099,,,,,53240.0,1380.0,,,,,0.005367798966764068,0.0,43,1,0.0009087689003909028,,10.882565272509048,,,
43-3011,Bill and Account Collectors,0.2989,1.0,0.75,46020.0,190910.0,4.16,1.4275,4.223333333333334,3.3798000000000004,0.03639629543318109,0.03639629543318109,43,1,0.12571961650262845,1.0,10.736831363589356,0.7011000000000001,0.0,0.0
43-3021,Billing and Posting Clerks,0.1924,0.8571428571428571,0.6428571428571428,47120.0,430220.0,4.67,1.54,3.8833333333333333,3.5515,0.03417062269086426,0.03417062269086426,43,1,0.28331199733780743,1.0,10.760452818325469,0.6647428571428571,0.0,0.0
43-3031,"Bookkeeping, Accounting, and Auditing Clerks",0.3104,1.0,0.4883720930232558,49580.0,1501910.0,4.46,1.6974999999999998,4.213333333333334,3.3738,0.13432589609512235,0.13432589609512235,43,1,0.9890500718739861,1.0,10.811342805589181,0.6896,0.0,0.0
43-3041,Gambling Cage Workers,0.0653,0.4516129032258064,0.5161290322580645,36750.0,12560.0,4.07,2.3274999999999997,4.4799999999999995,2.3173999999999997,0.006022408596857183,0.006022408596857183,43,1,0.008271114049934594,1.0,10.511893504640982,0.38631290322580636,0.0,1.0
43-3051,Payroll and Timekeeping Clerks,0.0487,1.0,0.8108108108108109,54690.0,157230.0,4.37,1.47,3.646666666666667,4.3984000000000005,0.013615880305938287,0.013615880305938287,43,1,0.10354038710758091,1.0,10.909436156340819,0.9513,0.0,0.0
43-3061,Procurement Clerks,0.2436,0.9714285714285714,0.6571428571428571,47940.0,61580.0,4.48,1.89,4.090000000000001,3.7125,0.011521129489639896,0.011521129489639896,43,1,0.04055216585947232,1.0,10.777705507988376,0.7278285714285714,0.0,0.0
43-3071,Tellers,0.0231,0.7708333333333333,0.4375,38850.0,340820.0,4.28,2.0475,4.633333333333333,2.6844,0.010997441785565424,0.010997441785565424,43,1,0.22443957726900543,1.0,10.567463355795793,0.7477333333333332,0.0,1.0
43-3099,,,,,52690.0,44520.0,,,,,0.0,0.0,43,1,0.029317674960436954,,10.87218096320333,,,
43-4011,Brokerage Clerks,0.1744,1.0,0.8666666666666667,63130.0,48060.0,4.19,1.5225,4.6499999999999995,4.3088999999999995,0.016888928456404266,0.016888928456404266,43,1,0.031648864748396226,1.0,11.05295137136167,0.8256,0.0,1.0
43-4021,Correspondence Clerks,0.2786,0.9642857142857142,0.8928571428571428,46940.0,4650.0,4.52,1.5,4.456666666666667,3.6546999999999996,0.36265373507162774,0.36265373507162774,43,1,0.003062156077404129,1.0,10.756625469405014,0.6856857142857142,0.0,1.0
43-4031,"Court, Municipal, and License Clerks",0.102,0.9636363636363636,0.8727272727272727,48760.0,157960.0,4.62,1.615,4.646666666666667,3.4577999999999998,0.1678419091558933,0.1678419091558933,43,1,0.10402111268532394,1.0,10.794665583595208,0.8616363636363636,0.0,1.0
43-4041,"Credit Authorizers, Checkers, and Clerks",0.1296,0.95,0.9,50380.0,14290.0,4.42,1.7325000000000002,4.746666666666667,,0.03678906121123712,0.03678906121123712,43,1,0.009410367816366668,1.0,10.827349549906602,0.8204,0.0,1.0
43-4051,Customer Service Representatives,0.7011,1.0,0.8636363636363636,43520.0,2858710.0,4.54,1.915,4.416666666666667,3.325967403259674,0.08850322198859906,0.08850322198859906,43,1,1.8825411182873029,1.0,10.680975881529823,0.29890000000000005,0.0,0.0
43-4061,"Eligibility Interviewers, Government Programs",0.0597,0.96,0.96,51840.0,150190.0,4.7,1.5374999999999999,4.216666666666668,4.494249424942494,0.09845328836601563,0.09845328836601563,43,1,0.09890434865920993,1.0,10.855917331026156,0.9003,0.0,0.0
43-4071,File Clerks,0.1568,0.9117647058823528,0.7647058823529411,40730.0,82290.0,4.56,1.8175000000000001,4.44,3.9468999999999994,0.03181402802252888,0.03181402802252888,43,1,0.05419028464722275,1.0,10.614720200642457,0.7549647058823528,0.0,1.0
43-4081,"Hotel, Motel, and Resort Desk Clerks",0.1725,0.7948717948717948,0.5897435897435898,32570.0,263800.0,4.55,2.2075,4.836666666666666,2.5990400959904014,0.02212580549714959,0.02212580549714959,43,1,0.17371973617617406,1.0,10.391146898270279,0.6223717948717948,0.0,1.0
43-4111,"Interviewers, Except Eligibility and Loan",0.3851,0.8275862068965517,0.5517241379310345,42750.0,160550.0,4.93,1.605,4.713333333333334,3.3435656434356567,0.09243087976915836,0.09243087976915836,43,1,0.10572670069402859,1.0,10.663124474364906,0.4424862068965517,0.0,1.0
43-4121,"Library Assistants, Clerical",0.0978,0.7413793103448276,0.6379310344827586,35970.0,83680.0,4.65,2.0999999999999996,4.3999999999999995,2.85028502850285,0.06533004108330033,0.06533004108330033,43,1,0.05510563882950055,1.0,10.49044053668967,0.6435793103448276,0.0,0.0
43-4131,Loan Interviewers and Clerks,0.2022,1.0,0.875,48660.0,203940.0,4.92,1.53,4.78,3.8539146085391467,0.031944949948547526,0.031944949948547526,43,1,0.13430023880124692,1.0,10.792612616337514,0.7978000000000001,0.0,1.0
43-4141,New Accounts Clerks,0.0,0.8400000000000001,0.68,44670.0,41180.0,3.66,2.0475,4.683333333333334,3.0408,0.004451345484633666,0.004451345484633666,43,1,0.027118190810215492,0.0,10.707057414346165,0.8400000000000001,0.0,1.0
43-4151,Order Clerks,0.0748,1.0,0.7714285714285714,43530.0,91830.0,4.31,1.9975,4.31,2.7388999999999997,0.0142704899360314,0.0142704899360314,43,1,0.06047264356731638,1.0,10.681205634546343,0.9252,0.0,0.0
43-4161,"Human Resources Assistants, Except Payroll and Timekeeping",0.4046,0.9655172413793104,0.7931034482758621,48800.0,101440.0,4.64,1.655,4.4766666666666675,4.502149785021498,0.11861526497288599,0.11861526497288599,43,1,0.06680109946061825,1.0,10.795485591841238,0.5609172413793104,0.0,1.0
43-4171,Receptionists and Information Clerks,0.4338,0.8666666666666667,0.7333333333333333,36590.0,1003820.0,4.57,1.6449999999999998,4.526666666666666,2.8289999999999997,0.087717690432487,0.087717690432487,43,1,0.6610437663698523,1.0,10.507530258013253,0.4328666666666667,0.0,1.0
43-4181,Reservation and Transportation Ticket Agents and Travel Clerks,0.2467,0.7999999999999999,0.6857142857142857,46820.0,119270.0,4.83,2.4775,4.736666666666667,2.244975502449755,0.0943947086594378,0.0943947086594378,43,1,0.07854265706494419,1.0,10.754065741044903,0.5532999999999999,0.0,1.0
43-4199,,,,,47840.0,151760.0,,,,,0.0,0.0,43,1,0.09993823791545174,,10.775617388624513,,,
43-5011,Cargo and Freight Agents,0.0165,0.8484848484848485,0.6423670668953687,52460.0,105220.0,3.705,1.84125,4.325,4.7113499999999995,0.0467391275886533,0.0467391275886533,43,1,0.0692903360138629,1.0,10.867806253420865,0.8319848484848485,0.0,0.0
43-5021,Couriers and Messengers,0.0412,0.3793103448275862,0.3103448275862069,38350.0,72010.0,1.82,2.8125,4.260000000000001,2.4525,0.028540979872063107,0.028540979872063107,43,1,0.04742061486749921,1.0,10.554509806795402,0.3381103448275862,0.0,0.0
43-5031,Public Safety Telecommunicators,0.0465,0.90625,0.75,52140.0,97820.0,4.89,1.335,4.716666666666667,2.824099999999999,0.04254962595605723,0.04254962595605723,43,1,0.06441722741756385,1.0,10.861687687487493,0.85975,0.0,1.0
43-5032,"Dispatchers, Except Police, Fire, and Ambulance",0.2258,1.0,0.9565217391304348,50830.0,206090.0,4.12,2.145,4.583333333333333,3.0502050205020503,0.0,0.0,43,1,0.13571607440692837,1.0,10.836242010440948,0.7742,0.0,1.0
43-5041,"Meter Readers, Utilities",0.0,0.5416666666666666,0.625,53610.0,19900.0,3.41,3.8649999999999998,3.7999999999999994,2.7088,0.0,0.0,43,1,0.013104710954912295,0.0,10.889490896821583,0.5416666666666666,1.0,0.0
43-5051,Postal Service Clerks,0.0,0.4814814814814814,0.4074074074074074,59240.0,78130.0,3.66,2.7600000000000002,4.256666666666667,2.348,0.0032730481504658782,0.0032730481504658782,43,1,0.05145080738227626,0.0,10.989352268381735,0.4814814814814814,0.0,0.0
43-5052,Postal Service Mail Carriers,0.0,0.2564102564102564,0.5128205128205128,59340.0,331600.0,1.74,3.625,4.023333333333333,1.9986999999999997,0.0,0.0,43,1,0.21836794736929233,0.0,10.991038893844813,0.2564102564102564,1.0,0.0
43-5053,"Postal Service Mail Sorters, Processors, and Processing Machine Operators",0.0,0.1,0.2,56350.0,116540.0,2.98,2.8625,3.1533333333333338,1.998000199980002,0.0,0.0,43,1,0.07674487510982306,0.0,10.939337519467923,0.1,0.0,0.0
43-5061,"Production, Planning, and Expediting Clerks",0.0934,0.9230769230769232,0.8846153846153847,57610.0,393980.0,4.35,2.1475,4.223333333333334,2.718828117188281,0.054856287001809174,0.054856287001809174,43,1,0.2594469357797159,1.0,10.961451442726428,0.8296769230769232,0.0,0.0
43-5071,"Shipping, Receiving, and Inventory Clerks",0.0,0.7142857142857142,0.5238095238095237,42730.0,844120.0,3.25,3.255,4.510000000000001,2.831316868313168,0.010080988303435021,0.010080988303435021,43,1,0.5558768146362094,0.0,10.66265652863807,0.7142857142857142,1.0,1.0
43-5111,"Weighers, Measurers, Checkers, and Samplers, Recordkeeping",0.0,0.3793103448275862,0.3793103448275862,44240.0,51250.0,3.89,2.79,4.090000000000001,2.3804999999999996,0.08352818879989093,0.08352818879989093,43,1,0.033749569670314325,0.0,10.697384636196217,0.3793103448275862,0.0,0.0
43-6011,Executive Secretaries and Executive Administrative Assistants,0.2336,0.918918918918919,0.8648648648648649,73680.0,483570.0,4.41,1.5225,4.403333333333333,4.489000000000001,0.20044146873453486,0.20044146873453486,43,1,0.3184444762043688,1.0,11.207486670929189,0.6853189189189189,0.0,0.0
43-6012,Legal Secretaries and Administrative Assistants,0.0,1.0,1.0,56330.0,152790.0,4.33,1.6974999999999998,4.0,4.132,0.00916453482130462,0.00916453482130462,43,1,0.10061652194980149,0.0,10.93898253188876,1.0,0.0,0.0
43-6013,Medical Secretaries and Administrative Assistants,0.3623,1.0,0.8518518518518519,43380.0,749500.0,4.46,1.375,4.39,2.948294829482948,0.0133540364539009,0.0133540364539009,43,1,0.4935668774224505,1.0,10.677753784380865,0.6376999999999999,0.0,0.0
43-6014,"Secretaries and Administrative Assistants, Except Legal, Medical, and Executive",0.4528,0.903846153846154,0.7692307692307693,45490.0,1785430.0,4.38,1.59,4.5,3.38013801380138,0.21837777259908794,0.21837777259908794,43,1,1.1757559839311085,1.0,10.72524780056405,0.451046153846154,0.0,1.0
43-9021,Data Entry Keyers,0.6707,0.9285714285714284,0.7857142857142857,40130.0,154230.0,4.71,1.3775,3.6733333333333333,2.9377999999999997,0.02134027394103783,0.02134027394103783,43,1,0.10156480254151372,1.0,10.599879463260962,0.2578714285714284,0.0,0.0
43-9022,Word Processors and Typists,0.2385,0.7837837837837838,0.7837837837837838,47170.0,37200.0,4.15,1.4849999999999999,4.586666666666667,2.9787999999999997,0.4156771151091761,0.4156771151091761,43,1,0.024497248619233032,1.0,10.761513376278307,0.5452837837837838,0.0,1.0
43-9031,Desktop Publishers,0.464,0.967741935483871,0.935483870967742,57680.0,5220.0,4.47,1.3925,3.97,3.9508000000000005,0.159855671668757,0.159855671668757,43,1,0.0034375171449568935,1.0,10.96266577195883,0.503741935483871,0.0,0.0
43-9041,Insurance Claims and Policy Processing Clerks,0.1467,1.0,0.7619047619047619,49530.0,241650.0,4.42,1.3125,3.9266666666666663,3.155615561556155,0.17216233271450843,0.17216233271450843,43,1,0.15913333679671138,1.0,10.810333825582283,0.8533,0.0,0.0
43-9051,"Mail Clerks and Mail Machine Operators, Except Postal Service",0.0,0.3243243243243243,0.1891891891891892,38370.0,66600.0,3.29,2.5225,4.253333333333334,1.7311999999999999,0.008117159413155474,0.008117159413155474,43,1,0.0438579773666914,0.0,10.555031183240999,0.3243243243243243,0.0,0.0
43-9061,"Office Clerks, General",0.4504,0.7878787878787878,0.7878787878787878,43560.0,2496370.0,4.25,1.6724999999999999,4.55,3.4468999999999994,0.3352910525337323,0.3352910525337323,43,1,1.643930014397709,1.0,10.681894577046897,0.3374787878787878,0.0,1.0
43-9071,"Office Machine Operators, Except Computer",0.0239,0.5,0.3529411764705882,39600.0,27960.0,3.99,2.1475000000000004,3.8499999999999996,2.9618,0.04294239173411325,0.04294239173411325,43,1,0.01841244815574612,1.0,10.586584397242571,0.4761,0.0,0.0
43-9081,Proofreaders and Copy Markers,0.1781,1.0,1.0,51100.0,5490.0,4.1,1.3175,3.856666666666667,4.891489148914891,0.03534892002503215,0.03534892002503215,43,1,0.0036153197559029393,1.0,10.841539776191796,0.8219,0.0,0.0
43-9111,Statistical Assistants,0.5099,0.9565217391304348,1.0,53900.0,7200.0,4.78,1.5724999999999998,3.9166666666666665,6.165616561656166,0.4307331366013196,0.4307331366013196,43,1,0.004741402958561233,1.0,10.89488575689709,0.4466217391304348,0.0,0.0
43-9199,,,,,46620.0,172020.0,,,,,0.0,0.0,43,1,0.1132800190182921,,10.749784912589748,,,
45-1011,"First-Line Supervisors of Farming, Fishing, and Forestry Workers",0.0,0.4210526315789473,0.3157894736842105,60790.0,27150.0,2.91,3.4250000000000003,4.07,3.7197999999999998,0.004451345484633667,0.0,45,0,0.01791550834222653,0.0,11.015180580742769,0.4210526315789473,1.0,0.0
45-2011,Agricultural Inspectors,0.0,0.5,0.4583333333333333,52170.0,12660.0,3.93,3.665,4.413333333333333,3.102899999999999,0.02081658623696336,0.0,45,0,0.008353971845767506,0.0,10.86226289601644,0.5,1.0,0.0
45-2021,Animal Breeders,0.0,0.2424242424242424,0.1212121212121212,53520.0,1360.0,2.97,3.41,3.116666666666667,2.3153,0.004713189336670953,0.0,45,0,0.0008974250955958777,0.0,10.887810694802111,0.2424242424242424,1.0,0.0
45-2041,"Graders and Sorters, Agricultural Products",0.0,0.1,0.1,34880.0,23430.0,1.86,2.6050000000000004,3.3066666666666666,1.5543,0.0,0.0,45,0,0.015460786757214273,0.0,10.459668878022915,0.1,0.0,0.0
45-2091,Agricultural Equipment Operators,0.0,0.0,0.0,41850.0,28910.0,2.38,3.165,3.2433333333333336,1.771077107710771,0.0,0.0,45,0,0.019076881995350604,0.0,10.641847075917621,0.0,0.0,0.0
45-2092,"Farmworkers and Laborers, Crop, Nursery, and Greenhouse",0.0203,0.2142857142857142,0.1428571428571428,36140.0,258730.0,2.64,3.6449999999999996,3.4966666666666666,3.00979902009799,0.04425161099429969,0.0,45,0,0.17072852572317748,1.0,10.49515556414622,0.1939857142857142,1.0,0.0
45-2093,"Farmworkers, Farm, Ranch, and Aquacultural Animals",0.0,0.125,0.15625,37060.0,32590.0,2.5,3.7925,3.7933333333333334,2.9699,0.0,0.0,45,0,0.02150520872461004,0.0,10.520293499839351,0.125,1.0,0.0
45-2099,,,,,45660.0,6040.0,,,,,0.0,0.0,45,0,0.003985623218675809,,10.728977920083787,,,
45-3031,,,0.087719298245614,0.0175438596491228,,,2.47,3.885,3.903333333333333,2.1,0.0,0.0,45,0,,,,,1.0,0.0
45-4011,Forest and Conservation Workers,0.0,0.0434782608695652,0.1304347826086956,36860.0,5750.0,3.17,3.8425000000000002,4.336666666666667,4.2844999999999995,0.0,0.0,45,0,0.003794260514467865,0.0,10.514882231223813,0.0434782608695652,1.0,0.0
45-4021,Fallers,0.0,0.0625,0.125,61190.0,4800.0,1.11,3.755,2.8233333333333337,1.4418,0.0,0.0,45,0,0.0031673826903383918,0.0,11.021739056456585,0.0625,1.0,0.0
45-4022,Logging Equipment Operators,0.0,0.1875,0.125,49790.0,23720.0,2.44,2.5,3.68,1.4546999999999999,0.0,0.0,45,0,0.015652149461422217,0.0,10.815569439636228,0.1875,0.0,0.0
45-4023,Log Graders and Scalers,0.0,0.4210526315789473,0.3157894736842105,47120.0,3640.0,3.52,3.7299999999999995,3.8800000000000003,2.2897000000000007,0.0,0.0,45,0,0.0024019318735066133,0.0,10.760452818325469,0.4210526315789473,1.0,0.0
45-4029,,,,,52950.0,2540.0,,,,,0.0,0.0,45,0,0.0016760733403040655,,10.877103351029552,,,
47-1011,First-Line Supervisors of Construction Trades and Extraction Workers,0.0296,0.8,0.43333333333333335,81340.0,777420.0,2.9749999999999996,3.62625,4.4816666666666665,2.778577857785779,0.03796735854540481,0.0,47,0,0.5119510635625161,1.0,11.306393179461216,0.7704000000000001,1.0,1.0
47-2011,Boilermakers,0.0,0.0606060606060606,0.0,73840.0,11130.0,3.15,3.6625,4.45,2.6393360663933607,0.0,0.0,47,0,0.007329391239549799,0.0,11.209655869176734,0.0606060606060606,1.0,1.0
47-2021,Brickmasons and Blockmasons,0.0,0.0769230769230769,0.0,63430.0,56830.0,1.77,4.295,3.5666666666666664,2.2141214121412145,0.0,0.0,47,0,0.037424016544799196,0.0,11.057692214627943,0.0769230769230769,1.0,0.0
47-2022,Stonemasons,0.0,0.0,0.0,56930.0,9790.0,2.07,3.6275,4.273333333333333,1.5792000000000002,0.0,0.0,47,0,0.006446966777645331,0.0,10.949577721945127,0.0,1.0,0.0
47-2031,Carpenters,0.0,0.2444444444444444,0.1333333333333333,60970.0,700290.0,2.63,3.65,4.21,2.2055000000000002,0.012830348749826427,0.0,47,0,0.4611589749455821,0.0,11.018137218901861,0.2444444444444444,1.0,0.0
47-2041,Carpet Installers,0.0,0.125,0.0625,52290.0,15560.0,1.35,2.3675,4.096666666666667,1.9328,0.0,0.0,47,0,0.010246660169577256,0.0,10.864560427182177,0.125,0.0,0.0
47-2042,"Floor Layers, Except Carpet, Wood, and Hard Tiles",0.0,0.0,0.0,56680.0,25150.0,1.81,2.4749999999999996,4.316666666666667,1.993899389938994,0.0,0.0,47,0,0.016561921803654758,0.0,10.945176693804617,0.0,0.0,0.0
47-2043,Floor Sanders and Finishers,0.0,0.1428571428571428,0.0,49910.0,5070.0,2.01,3.235,3.9366666666666674,1.745,0.0,0.0,47,0,0.0033387253894445173,0.0,10.817976662463655,0.1428571428571428,0.0,0.0
47-2044,Tile and Stone Setters,0.0,0.15,0.075,53920.0,42420.0,1.32,3.0650000000000004,3.64,1.8899000000000001,0.011259285637602711,0.0,47,0,0.02793466095073697,0.0,10.895256745586188,0.15,0.0,0.0
47-2051,Cement Masons and Concrete Finishers,0.0,0.0,0.0,57410.0,203560.0,2.01,4.140000000000001,3.6599999999999997,1.628062806280628,0.028148214094007175,0.0,47,0,0.13404949512333844,0.0,10.957973783161682,0.0,1.0,0.0
47-2053,Terrazzo Workers and Finishers,0.0,0.0,0.0454545454545454,54220.0,1460.0,1.59,3.14,3.3266666666666667,2.080791920807919,0.0031421262244472354,0.0,47,0,0.0009614475480451668,0.0,10.900805123052656,0.0,0.0,0.0
47-2061,Construction Laborers,0.0281,0.1,0.05,49280.0,1019090.0,2.25,3.8175,3.853333333333333,2.0921999999999996,0.0,0.0,47,0,0.6710969737927048,1.0,10.805273598207402,0.0719,1.0,0.0
47-2071,"Paving, Surfacing, and Tamping Equipment Operators",0.0,0.0,0.0,55170.0,43080.0,2.16,3.16,3.6333333333333333,1.7960000000000003,0.0,0.0,47,0,0.02836928792451081,0.0,10.918174606266476,0.0,0.0,0.0
47-2072,Pile Driver Operators,0.0,0.0,0.0,70260.0,3010.0,2.11,3.455,3.853333333333333,2.1811818818118187,0.0,0.0,47,0,0.0019821624106958575,0.0,11.159957925819818,0.0,1.0,0.0
47-2073,Operating Engineers and Other Construction Equipment Operators,0.0,0.0652173913043478,0.1739130434782608,62180.0,450370.0,2.45,3.2275,4.326666666666667,2.3183999999999996,0.0030112042984285917,0.0,47,0,0.29658022754322044,0.0,11.037788683612744,0.0652173913043478,0.0,0.0
47-2081,Drywall and Ceiling Tile Installers,0.0,0.0833333333333333,0.0416666666666666,61480.0,90860.0,1.37,3.7775000000000003,3.723333333333334,2.1601,0.015710631122236477,0.0,47,0,0.059833646722865654,0.0,11.026467197652533,0.0833333333333333,1.0,0.0
47-2082,Tapers,0.0,0.0,0.0,69300.0,15560.0,1.07,3.5250000000000004,3.373333333333333,1.9628999999999999,0.0032730481504658782,0.0,47,0,0.010246660169577256,0.0,11.146200185177994,0.0,1.0,0.0
47-2111,Electricians,0.0,0.1951219512195122,0.2439024390243902,67810.0,712580.0,2.36,4.2825,4.51,2.7986201379862017,0.013484958379919542,0.0,47,0,0.46925225601782533,0.0,11.124464955677889,0.1951219512195122,1.0,1.0
47-2121,Glaziers,0.0,0.1666666666666666,0.0625,58320.0,53390.0,2.01,3.9350000000000005,4.013333333333333,1.9239076092390759,0.008902690969267234,0.0,47,0,0.0351586880754325,0.0,10.97370036668254,0.1666666666666666,1.0,0.0
47-2131,"Insulation Workers, Floor, Ceiling, and Wall",0.0,0.1,0.1,52080.0,38510.0,1.58,3.8850000000000002,3.6200000000000006,1.7305,0.0,0.0,47,0,0.025359825393985874,0.0,10.860536276882451,0.1,1.0,0.0
47-2132,"Insulation Workers, Mechanical",0.0439,0.0909090909090909,0.0909090909090909,60530.0,22850.0,1.85,3.7775,3.856666666666667,2.1327867213278675,0.0,0.0,47,0,0.015047312652624701,1.0,11.010894388885733,0.047009090909090896,1.0,0.0
47-2141,"Painters, Construction and Maintenance",0.0,0.0571428571428571,0.0571428571428571,52110.0,215910.0,1.62,3.4175,4.343333333333333,2.3536000000000006,0.00916453482130462,0.0,47,0,0.14218228773865202,0.0,10.86111214790326,0.0571428571428571,1.0,0.0
47-2142,Paperhangers,0.0,0.054054054054054,0.0,54020.0,1830.0,1.91,3.2824999999999998,3.3833333333333333,2.1626999999999996,0.0,0.0,47,0,0.0012051020636456543,0.0,10.897109627346607,0.054054054054054,1.0,0.0
47-2151,Pipelayers,0.0,0.0714285714285714,0.0,52840.0,34840.0,2.1,3.605,4.2,1.3632000000000002,0.0,0.0,47,0,0.022943036009516173,0.0,10.875023758636262,0.0714285714285714,1.0,0.0
47-2152,"Plumbers, Pipefitters, and Steamfitters",0.0116,0.13211382113821135,0.1043360433604336,67840.0,436160.0,2.5300000000000002,3.9124999999999996,4.003333333333333,3.1830908454577274,0.06205699293283415,0.0,47,0,0.287222577092726,1.0,11.124907270465785,0.12051382113821135,1.0,0.0
47-2161,Plasterers and Stucco Masons,0.0,0.0769230769230769,0.0769230769230769,59050.0,22310.0,2.23,3.59,3.6200000000000006,1.3893,0.0,0.0,47,0,0.014691708764991554,0.0,10.986139821625509,0.0769230769230769,1.0,0.0
47-2171,Reinforcing Iron and Rebar Workers,0.0,0.1428571428571428,0.0,60290.0,17400.0,1.79,3.8649999999999998,3.7433333333333336,1.9302,0.0,0.0,47,0,0.011458347490401302,0.0,11.006921531483451,0.1428571428571428,1.0,0.0
47-2181,Roofers,0.0157,0.08,0.0,55840.0,135140.0,2.16,4.047499999999999,4.170000000000001,2.5864172834566914,0.0,0.0,47,0,0.08899316550878346,1.0,10.930245737436254,0.0643,1.0,0.0
47-2211,Sheet Metal Workers,0.0,0.131578947368421,0.0789473684210526,64270.0,116190.0,2.5,3.5675,3.5799999999999996,2.366063393660634,0.02749360446391396,0.0,47,0,0.07651410315573146,0.0,11.070848238365333,0.131578947368421,1.0,0.0
47-2221,Structural Iron and Steel Workers,0.0491,0.0571428571428571,0.0,68220.0,63780.0,1.39,4.175000000000001,3.9099999999999997,2.106989301069893,0.0,0.0,47,0,0.04200077028378133,1.0,11.130493055972638,0.008042857142857102,1.0,0.0
47-2231,Solar Photovoltaic Installers,0.0,0.22,0.22,53140.0,24510.0,2.7,4.005,4.1933333333333325,2.9843015698430153,0.07973145294535026,0.0,47,0,0.016140465344237697,0.0,10.880685219313804,0.22,1.0,0.0
47-3011,"Helpers--Brickmasons, Blockmasons, Stonemasons, and Tile and Marble Setters",0.0,0.0,0.0,45590.0,16460.0,1.43,3.8699999999999997,3.9133333333333336,2.3722,0.004713189336670953,0.0,47,0,0.010839333315632497,0.0,10.727443673207487,0.0,1.0,0.0
47-3012,Helpers--Carpenters,0.0,0.0,0.0,40860.0,21770.0,1.86,3.84,3.853333333333333,2.1367000000000003,0.0,0.0,47,0,0.01433610487735841,0.0,10.617906868371612,0.0,1.0,0.0
47-3013,Helpers--Electricians,0.0,0.024390243902439,0.0,41240.0,68670.0,2.74,4.0775,4.029999999999999,2.1719,0.0,0.0,47,0,0.045220961044014796,0.0,10.627163938130897,0.024390243902439,1.0,0.0
47-3014,"Helpers--Painters, Paperhangers, Plasterers, and Stucco Masons",0.0,0.0,0.0,38750.0,7700.0,1.04,3.545,3.8966666666666665,1.4062000000000001,0.0,0.0,47,0,0.005070648027361496,0.0,10.564886034781493,0.0,1.0,0.0
47-3015,"Helpers--Pipelayers, Plumbers, Pipefitters, and Steamfitters",0.0,0.0,0.0,39460.0,45300.0,2.11,3.8675,3.9166666666666665,2.9773977397739775,0.0,0.0,47,0,0.029831215018113737,0.0,10.583042779576607,0.0,1.0,0.0
47-3016,Helpers--Roofers,0.0,0.0,0.0,42280.0,4540.0,2.71,3.915,3.6199999999999997,3.4323432343234326,0.0,0.0,47,0,0.0029897067589897655,0.0,10.652069439984174,0.0,1.0,0.0
47-3019,,,,,43090.0,27250.0,,,,,0.0,0.0,47,0,0.017944825811116984,,10.671046230609884,,,
47-4011,Construction and Building Inspectors,0.0481,0.6682085786375105,0.4915895710681245,72880.0,133640.0,4.125,3.44125,4.275,3.4097000000000004,0.0688649330858035,0.0,47,0,0.08800537693202472,1.0,11.19656953193384,0.6201085786375105,1.0,0.0
47-4021,Elevator and Escalator Installers and Repairers,0.0,0.2105263157894736,0.1578947368421052,100060.0,23990.0,3.34,3.6725,4.443333333333333,2.6310000000000002,0.0,0.0,47,0,0.015798031970961336,0.0,11.513525285042196,0.2105263157894736,1.0,1.0
47-4031,Fence Erectors,0.0,0.0512820512820512,0.0512820512820512,46650.0,21470.0,2.04,3.9275,4.236666666666667,2.1575157515751577,0.0,0.0,47,0,0.014138547162006666,0.0,10.75042820627549,0.0512820512820512,1.0,0.0
47-4041,Hazardous Materials Removal Workers,0.0,0.1290322580645161,0.064516129032258,53430.0,49960.0,2.6,3.69,4.04,2.8186818681868187,0.00458226741065231,0.0,47,0,0.0328999448632442,0.0,10.886127664951816,0.1290322580645161,1.0,0.0
47-4051,Highway Maintenance Workers,0.0,0.032258064516129,0.0,49070.0,150860.0,3.01,3.9775,4.260000000000001,2.1143,0.0,0.0,47,0,0.09934518979321498,0.0,10.801003129083949,0.032258064516129,1.0,0.0
47-4061,Rail-Track Laying and Maintenance Equipment Operators,0.0,0.0,0.0,67330.0,18770.0,2.08,3.6475,4.013333333333333,1.9022,0.0,0.0,47,0,0.012360527723840945,0.0,11.117361181539327,0.0,1.0,0.0
47-4071,Septic Tank Servicers and Sewer Pipe Cleaners,0.0,0.09375,0.15625,49590.0,27900.0,1.59,3.6849999999999996,4.583333333333333,1.8572857285728572,0.002618438520372763,0.0,47,0,0.018372867527712434,0.0,10.81154447948318,0.09375,1.0,1.0
47-4090,,,,,51670.0,28930.0,,,,,0.0,0.0,47,0,0.019051149017086766,,10.85263262128123,,,
47-4091,,,0.0833333333333333,0.1666666666666666,,,1.36,3.525,4.773333333333333,2.3238000000000003,0.0,0.0,47,0,,,,,1.0,1.0
47-4099,,,0.25,0.35,,,3.23,3.76,4.346666666666667,2.4783,0.017281694234460195,0.0,47,0,,,,,1.0,0.0
47-5011,"Derrick Operators, Oil and Gas",0.0,0.0,0.0,58330.0,11510.0,2.42,3.92,3.9599999999999995,1.471947194719472,0.0,0.0,47,0,0.007579631012328678,0.0,10.973871819747684,0.0,1.0,0.0
47-5012,"Rotary Drill Operators, Oil and Gas",0.0,0.0526315789473684,0.0526315789473684,67320.0,12180.0,1.64,3.8649999999999998,4.1866666666666665,2.5791579157915794,0.0,0.0,47,0,0.00802084324328091,0.0,11.117212648304742,0.0526315789473684,1.0,0.0
47-5013,"Service Unit Operators, Oil and Gas",0.0,0.064516129032258,0.2258064516129032,59390.0,46150.0,2.22,3.96,4.176666666666667,1.63,0.021733039719093863,0.0,47,0,0.03039096187827702,0.0,10.991881141009905,0.064516129032258,1.0,0.0
47-5022,"Excavating and Loading Machine and Dragline Operators, Surface Mining",0.0,0.0,0.0,55500.0,32630.0,1.92,2.62,3.706666666666667,1.8254000000000001,0.007855315561118239,0.0,47,0,0.02148769417309164,0.0,10.924138299734526,0.0,0.0,0.0
47-5023,"Earth Drillers, Except Oil and Gas",0.0,0.1818181818181818,0.2272727272727273,60250.0,18010.0,1.79,3.4124999999999996,3.7099999999999995,1.9707970797079706,0.0,0.0,47,0,0.011860048178283188,0.0,11.0062578513529,0.1818181818181818,1.0,0.0
47-5032,"Explosives Workers, Ordnance Handling Experts, and Blasters",0.0,0.1458333333333333,0.2083333333333333,65600.0,4610.0,2.42,3.9349999999999996,4.043333333333333,2.4583,0.0,0.0,47,0,0.003035803559238506,0.0,11.09133097493218,0.1458333333333333,1.0,0.0
47-5041,Continuous Mining Machine Operators,0.0,0.0,0.12,62110.0,15700.0,1.85,3.0275,3.5000000000000004,2.1594,0.0,0.0,47,0,0.010338853770074739,0.0,11.036662285553348,0.0,0.0,0.0
47-5043,"Roof Bolters, Mining",0.0,0.0,0.0,68540.0,1960.0,1.42,4.01,3.516666666666667,1.8670999999999998,0.0,0.0,47,0,0.0012907104069647445,0.0,11.1351727954286,0.0,1.0,0.0
47-5044,"Loading and Moving Machine Operators, Underground Mining",0.0,0.0232558139534883,0.1395348837209302,63620.0,5160.0,1.53,2.7575000000000003,3.2899999999999996,1.7009,0.0034039700764845215,0.0,47,0,0.0033979927040500416,0.0,11.060683165303136,0.0232558139534883,0.0,0.0
47-5049,,,,,65290.0,2560.0,,,,,0.0,0.0,47,0,0.0016858258376682377,,11.08659416418068,,,
47-5051,"Rock Splitters, Quarry",0.0,0.1538461538461538,0.1538461538461538,47830.0,3610.0,1.64,3.6825,2.9433333333333334,3.023,0.0,0.0,47,0,0.002377277841399351,0.0,10.775408336674342,0.1538461538461538,1.0,0.0
47-5071,"Roustabouts, Oil and Gas",0.0,0.0,0.0,47730.0,43830.0,1.97,4.11,4.1000000000000005,1.3701,0.0,0.0,47,0,0.02886318221289018,0.0,10.773315409999942,0.0,1.0,0.0
47-5081,Helpers--Extraction Workers,0.0,0.0,0.1304347826086956,46990.0,7360.0,2.21,4.092499999999999,3.9633333333333334,2.068393160683932,0.0,0.0,47,0,0.004846749283296183,0.0,10.757690092096862,0.0,1.0,0.0
47-5099,,,,,53050.0,7120.0,,,,,0.0,0.0,47,0,0.004688703111014787,,10.87899014404213,,,
49-1011,"First-Line Supervisors of Mechanics, Installers, and Repairers",0.1015,0.7948717948717948,0.4615384615384615,79020.0,589880.0,3.82,3.135,4.239999999999999,3.0216978302169784,0.029326511428174766,0.0,49,0,0.38845110123288734,1.0,11.277456263965382,0.6933717948717948,0.0,0.0
49-2011,"Computer, Automated Teller, and Office Machine Repairers",0.1067,0.4489795918367346,0.3265306122448979,48290.0,77580.0,4.11,2.7275,4.213333333333334,3.4639536046395363,0.2026671414768517,0.0,49,0,0.05108841871846376,1.0,10.784979778867587,0.34227959183673456,0.0,0.0
49-2021,"Radio, Cellular, and Tower Equipment Installers and Repairers",0.0,0.1666666666666666,0.119047619047619,64360.0,11810.0,4.01,3.1425,4.18,3.3955395539553956,0.002880282372409949,0.0,49,0,0.00777718774252458,0.0,11.07224760110632,0.1666666666666666,0.0,0.0
49-2022,"Telecommunications Equipment Installers and Repairers, Except Line Installers",0.0333,0.328125,0.296875,64010.0,159670.0,4.44,3.51,4.3533333333333335,3.351764823517648,0.037836436619386266,0.0,49,0,0.10514678804817101,1.0,11.066794600136049,0.294825,1.0,0.0
49-2091,Avionics Technicians,0.0,0.36,0.2,77080.0,21280.0,4.15,2.8449999999999998,3.8733333333333335,3.3662,0.007331627857043615,0.0,49,0,0.01401342550050153,0.0,11.252599122528302,0.36,0.0,0.0
49-2092,"Electric Motor, Power Tool, and Related Repairers",0.0,0.1153846153846153,0.0384615384615384,52550.0,16010.0,2.92,3.5425000000000004,3.9233333333333333,3.131686831316868,0.04425161099429958,0.0,49,0,0.010542995407097251,0.0,10.869520376305097,0.1153846153846153,1.0,0.0
49-2093,"Electrical and Electronics Installers and Repairers, Transportation Equipment",0.0,0.32,0.24,76380.0,7920.0,3.74,3.8049999999999997,3.5399999999999996,3.4833000000000003,0.012699426823807885,0.0,49,0,0.00521552302462275,0.0,11.243476160779506,0.32,1.0,0.0
49-2094,"Electrical and Electronics Repairers, Commercial and Industrial Equipment",0.0,0.4358974358974359,0.3846153846153846,69810.0,58320.0,4.16,2.8725,3.8800000000000003,3.694,0.03417062269086456,0.0,49,0,0.03840521499949479,0.0,11.153532544964447,0.4358974358974359,0.0,0.0
49-2095,"Electrical and Electronics Repairers, Powerhouse, Substation, and Relay",0.0,0.44,0.32,92840.0,24790.0,3.93,3.835,4.046666666666667,3.6600000000000006,0.01165205141565864,0.0,49,0,0.016324850477322978,0.0,11.438632860388374,0.44,1.0,0.0
49-2096,"Electronic Equipment Installers and Repairers, Motor Vehicles",0.0,0.1666666666666666,0.25,47570.0,8900.0,3.96,3.4325,3.8166666666666664,2.6018,0.0024875165943541197,0.0,49,0,0.005860878146356373,0.0,10.769957589426328,0.1666666666666666,1.0,0.0
49-2097,Audiovisual Equipment Installers and Repairers,0.0,0.2857142857142857,0.1904761904761904,52720.0,24720.0,4.19,3.3499999999999996,4.19,3.093890610938906,0.04621543988457903,0.0,49,0,0.01627875368291343,0.0,10.872750169176388,0.2857142857142857,1.0,0.0
49-2098,Security and Fire Alarm Systems Installers,0.0303,0.2666666666666666,0.2666666666666666,57400.0,83540.0,4.01,3.61,4.53,2.7020000000000004,0.03417062269086446,0.0,49,0,0.05501323149961926,1.0,10.957799582307658,0.2363666666666666,1.0,1.0
49-3011,Aircraft Mechanics and Service Technicians,0.0,0.1791044776119403,0.1044776119402985,76260.0,137630.0,3.44,4.06,4.1033333333333335,3.3010999999999995,0.012044817193714669,0.0,49,0,0.09063288306550872,0.0,11.241903833411556,0.1791044776119403,1.0,0.0
49-3021,Automotive Body and Related Repairers,0.0,0.0851063829787234,0.0638297872340425,55220.0,151910.0,2.83,3.4375,3.436666666666667,2.113011301130113,0.0,0.0,49,0,0.1000366291250558,0.0,10.919080485484145,0.0851063829787234,1.0,0.0
49-3022,Automotive Glass Installers and Repairers,0.0,0.0,0.0,46010.0,16890.0,2.05,3.885,4.39,1.9224922492249226,0.0,0.0,49,0,0.011122497965388667,0.0,10.736614043149514,0.0,1.0,0.0
49-3023,Automotive Service Technicians and Mechanics,0.0,0.1272727272727272,0.109090909090909,51940.0,676570.0,3.65,3.5825,4.22,2.6592000000000002,0.011390207563621354,0.0,49,0,0.4455386884809361,0.0,10.85784448521674,0.1272727272727272,1.0,0.0
49-3031,Bus and Truck Mechanics and Diesel Engine Specialists,0.0,0.0,0.0,59920.0,285030.0,3.6,4.2225,3.9666666666666663,2.843884388438844,0.04045487513975913,0.0,49,0,0.18769956157932102,0.0,11.000765618191101,0.0,1.0,0.0
49-3041,Farm Equipment Mechanics and Service Technicians,0.0,0.1153846153846153,0.1923076923076923,52120.0,36830.0,3.81,3.9475,4.116666666666666,2.6333999999999995,0.0,0.0,49,0,0.024253499115764632,0.0,10.861304031238781,0.1153846153846153,1.0,0.0
49-3042,"Mobile Heavy Equipment Mechanics, Except Engines",0.0,0.15,0.2,64340.0,177280.0,3.44,4.11,4.11,2.835016498350165,0.006807940152969144,0.0,49,0,0.11674342447034358,0.0,11.071936800793017,0.15,1.0,0.0
49-3043,Rail Car Repairers,0.0,0.1290322580645161,0.064516129032258,65690.0,19480.0,2.15,4.21,3.7733333333333334,2.405040504050405,0.0,0.0,49,0,0.012828079358541815,0.0,11.092701985886519,0.1290322580645161,1.0,0.0
49-3051,Motorboat Mechanics and Service Technicians,0.0,0.0769230769230769,0.0769230769230769,52620.0,23230.0,2.97,4.1925,4.283333333333333,2.8377,0.0,0.0,49,0,0.015297550487624555,0.0,10.870851554594283,0.0769230769230769,1.0,0.0
49-3052,Motorcycle Mechanics,0.0,0.0,0.0,47960.0,14330.0,3.77,3.7099999999999995,4.199999999999999,3.1947,0.001963828890279547,0.0,49,0,0.009436672341268182,0.0,10.77812260914145,0.0,1.0,0.0
49-3053,Outdoor Power Equipment and Other Small Engine Mechanics,0.0,0.2142857142857142,0.1428571428571428,45180.0,36080.0,3.71,3.8325,3.8866666666666667,2.5478,0.0,0.0,49,0,0.023759604889948084,0.0,10.718409790021994,0.2142857142857142,1.0,0.0
49-3091,Bicycle Repairers,0.0,0.2068965517241379,0.0689655172413793,39360.0,13980.0,2.89,2.6574999999999998,4.503333333333333,1.8607999999999996,0.0,0.0,49,0,0.00920618836922046,0.0,10.58050535116619,0.2068965517241379,0.0,1.0
49-3092,Recreational Vehicle Service Technicians,0.0,0.0606060606060606,0.1212121212121212,50690.0,17360.0,2.67,3.9924999999999997,3.9333333333333336,1.7741999999999998,0.0024875165943541197,0.0,49,0,0.011432005013567037,0.0,10.833483931466395,0.0606060606060606,1.0,0.0
49-3093,Tire Repairers and Changers,0.0,0.0,0.0,37280.0,101520.0,2.57,4.0475,4.42,2.262573742625737,0.0,0.0,49,0,0.06685352240652798,0.0,10.526212268799528,0.0,1.0,0.0
49-9011,Mechanical Door Repairers,0.0,0.1818181818181818,0.0909090909090909,51640.0,27800.0,2.12,3.715,4.25,1.9479,0.0,0.0,49,0,0.01830701263693339,0.0,10.85205184496058,0.1818181818181818,1.0,0.0
49-9012,"Control and Valve Installers and Repairers, Except Mechanical Door",0.0,0.1666666666666666,0.0952380952380952,72360.0,47780.0,3.52,3.7175000000000002,4.383333333333333,2.7382999999999997,0.004713189336670852,0.0,49,0,0.03146435481268623,0.0,11.189408939509232,0.1666666666666666,1.0,0.0
49-9021,"Heating, Air Conditioning, and Refrigeration Mechanics and Installers",0.0191,0.1403508771929824,0.2105263157894736,59620.0,397450.0,2.72,3.7449999999999997,4.31,2.6621000000000006,0.018983679272702357,0.0,49,0,0.2617310134010495,1.0,10.995746367232062,0.12125087719298239,1.0,0.0
49-9031,Home Appliance Repairers,0.0,0.2181818181818181,0.1454545454545454,50640.0,29950.0,2.93,3.2875000000000005,4.74,2.21957804219578,0.006677018226950499,0.0,49,0,0.019722842750940828,0.0,10.832497056818058,0.2181818181818181,1.0,1.0
49-9041,Industrial Machinery Mechanics,0.0239,0.3548387096774194,0.2258064516129032,63690.0,412650.0,3.42,3.505,3.5066666666666664,2.883111688831117,0.02919558950215622,0.0,49,0,0.2717406030442649,1.0,11.061782843365412,0.3309387096774194,1.0,0.0
49-9043,"Maintenance Workers, Machinery",0.0,0.1714285714285714,0.1142857142857142,58500.0,58040.0,3.03,3.63,3.6466666666666665,2.748125187481252,0.0,0.0,49,0,0.038220827821856616,0.0,10.976782033219948,0.1714285714285714,1.0,0.0
49-9044,Millwrights,0.0,0.0434782608695652,0.0869565217391304,64310.0,37930.0,2.76,4.055,4.03,2.6364,0.0030112042984285917,0.0,49,0,0.024977877313628903,0.0,11.071470419128909,0.0434782608695652,1.0,0.0
49-9045,"Refractory Materials Repairers, Except Brickmasons",0.0,0.0,0.0,49900.0,540.0,1.71,4.032500000000001,3.186666666666667,2.3063,0.0,0.0,49,0,0.00035560384258791477,0.0,10.81777628173961,0.0,1.0,0.0
49-9051,Electrical Power-Line Installers and Repairers,0.0,0.0,0.0,85900.0,120170.0,2.05,3.8925,4.383333333333333,2.4316,0.0023565946683354764,0.0,49,0,0.07913502548849947,0.0,11.360939107972346,0.0,1.0,0.0
49-9052,Telecommunications Line Installers and Repairers,0.0,0.03125,0.0625,69040.0,98950.0,3.88,4.0,4.406666666666667,2.2836,0.002225672742316833,0.0,49,0,0.06516111152606327,0.0,11.142441325757309,0.03125,1.0,0.0
49-9061,Camera and Photographic Equipment Repairers,0.0412,0.44,0.08,58870.0,2540.0,3.57,1.685,3.65,2.89048904890489,0.037312748915311694,0.0,49,0,0.0016726551114320436,1.0,10.983086902022308,0.3988,0.0,0.0
49-9062,Medical Equipment Repairers,0.0,0.4545454545454546,0.3333333333333333,64140.0,64400.0,3.78,2.84,4.3100000000000005,3.565956595659565,0.02500608786955974,0.0,49,0,0.04240905085678095,0.0,11.068823473247146,0.4545454545454546,0.0,0.0
49-9063,Musical Instrument Repairers and Tuners,0.0,0.0392156862745098,0.0,46250.0,6170.0,2.73,1.925,3.85,2.9547045295470458,0.0032730481504658782,0.0,49,0,0.004063103164384138,0.0,10.741816742940571,0.0392156862745098,0.0,0.0
49-9064,Watch and Clock Repairers,0.0,0.2666666666666666,0.2666666666666666,56140.0,1880.0,2.1,1.435,3.76,3.3232323232323235,0.0023565946683354764,0.0,49,0,0.001238028192713481,0.0,10.935603849915873,0.2666666666666666,0.0,0.0
49-9069,,,,,65710.0,10330.0,,,,,0.0,0.0,49,0,0.006802569803579925,,11.093006399891914,,,
49-9071,"Maintenance and Repair Workers, General",0.0,0.2352941176470588,0.1568627450980392,49650.0,1503150.0,3.43,4.0,4.34,2.9211842368473686,0.033908778838827175,0.0,49,0,0.9898628073815261,0.0,10.812753669473318,0.2352941176470588,1.0,0.0
49-9081,Wind Turbine Service Technicians,0.0,0.0869565217391304,0.0869565217391304,65380.0,9800.0,3.89,4.22,3.983333333333333,3.2317768223177685,0.0,0.0,49,0,0.006453551217336231,0.0,11.087971680278201,0.0869565217391304,1.0,0.0
49-9091,"Coin, Vending, and Amusement Machine Servicers and Repairers",0.0,0.3214285714285714,0.2142857142857142,45840.0,36100.0,2.86,3.2249999999999996,3.7866666666666666,2.1001000000000003,0.0,0.0,49,0,0.023772775402636524,0.0,10.732912351388622,0.3214285714285714,0.0,0.0
49-9092,Commercial Divers,0.0,0.1333333333333333,0.1777777777777777,75570.0,2790.0,2.33,3.6875,4.04,3.3380338033803376,0.006022408596857284,0.0,49,0,0.0018372865200375597,0.0,11.232814658014766,0.1333333333333333,1.0,0.0
49-9094,Locksmiths and Safe Repairers,0.0,0.08,0.08,52130.0,14790.0,3.58,3.555,4.4366666666666665,2.6927,0.0,0.0,49,0,0.009739594133102332,0.0,10.861495877762152,0.08,1.0,1.0
49-9095,Manufactured Building and Mobile Home Installers,0.0,0.0769230769230769,0.1538461538461538,39820.0,2910.0,2.16,3.6325000000000003,3.323333333333333,1.4201000000000001,0.0,0.0,49,0,0.0019163095961682074,0.0,10.592124577618188,0.0769230769230769,1.0,0.0
49-9096,Riggers,0.0,0.0,0.074074074074074,62020.0,23870.0,2.35,4.1275,4.1466666666666665,1.9480999999999997,0.0,0.0,49,0,0.01571900689365468,0.0,11.03521219265444,0.0,1.0,0.0
49-9097,Signal and Track Switch Repairers,0.0,0.0769230769230769,0.0769230769230769,81810.0,9200.0,2.69,3.71,3.846666666666667,2.2066999999999997,0.0,0.0,49,0,0.006058435836682993,0.0,11.312154764507744,0.0769230769230769,1.0,0.0
49-9098,"Helpers--Installation, Maintenance, and Repair Workers",0.0,0.0666666666666666,0.0,38720.0,101890.0,2.1,3.8975,4.03,3.3129625925185042,0.0043204235586150235,0.0,49,0,0.06709717689126414,0.0,10.564111541390513,0.0666666666666666,1.0,0.0
49-9099,"Installation, Maintenance, and Repair Workers, All Other",0.0,0.3548387096774194,0.3225806451612903,50480.0,175860.0,3.54,3.735,3.9066666666666667,2.4954,0.002225672742316833,0.0,49,0,0.11580831806946425,0.0,10.829332497215095,0.3548387096774194,1.0,0.0
51-1011,First-Line Supervisors of Production and Operating Workers,0.0,0.65,0.45,71730.0,671160.0,3.73,3.545,4.17,3.2121000000000004,0.0027493604463913056,0.0,51,0,0.4419755248320261,0.0,11.18066434912048,0.65,1.0,0.0
51-2011,"Aircraft Structure, Surfaces, Rigging, and Systems Assemblers",0.0494,0.05,0.05,62860.0,29810.0,3.06,2.635,3.6799999999999997,3.0625,0.018459991568627883,0.0,51,0,0.019630625179156536,1.0,11.04866531035156,0.0006000000000000033,0.0,0.0
51-2021,"Coil Winders, Tapers, and Finishers",0.0,0.2222222222222222,0.2777777777777778,46020.0,11900.0,2.42,2.8975,3.34,2.4013401340134015,0.0,0.0,51,0,0.007836445475745146,0.0,10.736831363589356,0.2222222222222222,0.0,0.0
51-2022,,,0.1538461538461538,0.1153846153846153,,,2.77,2.3150000000000004,3.216666666666667,2.0604,0.00916453482130452,0.0,51,0,,,,,0.0,0.0
51-2023,,,0.0909090909090909,0.0,,,2.98,1.9975,3.77,3.0687000000000006,0.005498720892782712,0.0,51,0,,,,,0.0,0.0
51-2028,,,,,43740.0,267440.0,,,,,0.0,0.0,51,0,0.17611588050699845,,10.68601829423076,,,
51-2031,Engine and Other Machine Assemblers,0.0,0.1904761904761904,0.0,53470.0,47960.0,2.86,3.25,3.8900000000000006,2.5436999999999994,0.04124040669587099,0.0,51,0,0.03158285084174262,0.0,10.886876027942778,0.1904761904761904,0.0,0.0
51-2041,Structural Metal Fabricators and Fitters,0.0,0.0454545454545454,0.0454545454545454,50640.0,57810.0,2.47,3.4450000000000003,3.546666666666667,1.9188999999999998,0.0,0.0,51,0,0.038069320416203936,0.0,10.832497056818058,0.0454545454545454,1.0,0.0
51-2051,Fiberglass Laminators and Fabricators,0.0,0.0416666666666666,0.0833333333333333,43920.0,20380.0,1.93,3.19,3.726666666666667,1.82018201820182,0.0,0.0,51,0,0.013420736033250929,0.0,10.690125076183412,0.0416666666666666,0.0,0.0
51-2061,Timing Device Assemblers and Adjusters,0.0392,0.12,0.0,52840.0,400.0,2.74,1.9049999999999998,3.4199999999999995,2.3419,0.008509925191211404,0.0,51,0,0.00026340993195782,1.0,10.875023758636262,0.0808,0.0,0.0
51-2090,,,,,42400.0,1489280.0,,,,,0.0,0.0,51,0,0.9807278586653554,,10.654903641220049,,,
51-2092,,,0.2941176470588235,0.1764705882352941,,,2.88,2.4625,3.643333333333333,2.3968603139686033,0.0,0.0,51,0,,,,,0.0,0.0
51-3011,Bakers,0.0,0.3823529411764705,0.1470588235294117,35550.0,220230.0,2.36,2.6550000000000002,4.026666666666666,2.0203,0.051714160777361746,0.0,51,0,0.14502692328767675,0.0,10.478695435231387,0.3823529411764705,0.0,0.0
51-3021,Butchers and Meat Cutters,0.0,0.2105263157894736,0.0526315789473684,39680.0,136330.0,2.5,2.615,4.443333333333333,1.9662000000000004,0.0,0.0,51,0,0.089776690059524,0.0,10.58860256139881,0.2105263157894736,0.0,1.0
51-3022,"Meat, Poultry, and Fish Cutters and Trimmers",0.0,0.0,0.0,36840.0,138300.0,2.08,2.8249999999999997,3.3666666666666667,1.4926000000000001,0.0,0.0,51,0,0.09107398397441625,0.0,10.514339490369244,0.0,0.0,0.0
51-3023,Slaughterers and Meat Packers,0.0,0.0,0.0,38710.0,71310.0,1.5,2.5500000000000003,3.7833333333333337,1.9250999999999998,0.0,0.0,51,0,0.04695940561978036,0.0,10.563853243571694,0.0,0.0,0.0
51-3091,"Food and Tobacco Roasting, Baking, and Drying Machine Operators and Tenders",0.0,0.0666666666666666,0.1333333333333333,42410.0,19570.0,3.38,3.4425,3.6199999999999997,2.045,0.0,0.0,51,0,0.012887330921036345,0.0,10.655139462468636,0.0666666666666666,1.0,0.0
51-3092,Food Batchmakers,0.0,0.1282051282051282,0.1794871794871795,40890.0,169190.0,3.48,2.7674999999999996,3.4266666666666663,2.6108610861086112,0.13183837950076843,0.0,51,0,0.1114158159698589,0.0,10.618640813358688,0.1282051282051282,0.0,0.0
51-3093,Food Cooking Machine Operators and Tenders,0.0,0.1290322580645161,0.064516129032258,39770.0,29730.0,2.59,3.6075,3.9633333333333334,2.1399,0.002225672742316833,0.0,51,0,0.01957794319276497,0.0,10.590868138201737,0.1290322580645161,1.0,0.0
51-3099,,,,,37630.0,63970.0,,,,,0.0,0.0,51,0,0.04212583336835436,,10.535556883587484,,,
51-4021,"Extruding and Drawing Machine Setters, Operators, and Tenders, Metal and Plastic",0.0,0.0416666666666666,0.125,45440.0,63370.0,3.05,3.3775,2.9166666666666665,2.1163,0.0,0.0,51,0,0.041730718470417635,0.0,10.724148053395034,0.0416666666666666,1.0,0.0
51-4022,"Forging Machine Setters, Operators, and Tenders, Metal and Plastic",0.0,0.0833333333333333,0.0833333333333333,47350.0,9170.0,3.16,3.3575,3.6933333333333334,1.8229999999999997,0.0,0.0,51,0,0.006038672690133024,0.0,10.765322098614224,0.0833333333333333,1.0,0.0
51-4023,"Rolling Machine Setters, Operators, and Tenders, Metal and Plastic",0.0,0.2352941176470588,0.1470588235294117,49290.0,24750.0,3.21,3.2624999999999997,4.033333333333333,2.1050999999999997,0.0,0.0,51,0,0.01629848953989011,0.0,10.805476499699424,0.2352941176470588,1.0,0.0
51-4031,"Cutting, Punching, and Press Machine Setters, Operators, and Tenders, Metal and Plastic",0.0,0.02,0.04,44260.0,179230.0,2.4,2.9899999999999998,2.956666666666667,2.3571,0.0,0.0,51,0,0.11802740526200019,0.0,10.697836613605041,0.02,0.0,0.0
51-4032,"Drilling and Boring Machine Tool Setters, Operators, and Tenders, Metal and Plastic",0.0,0.0606060606060606,0.0,47490.0,5740.0,3.84,2.6775,3.6300000000000003,2.8137,0.001963828890279547,0.0,51,0,0.003779932523594717,0.0,10.768274441543168,0.0606060606060606,0.0,0.0
51-4033,"Grinding, Lapping, Polishing, and Buffing Machine Tool Setters, Operators, and Tenders, Metal and Plastic",0.0,0.0967741935483871,0.1290322580645161,44450.0,75260.0,2.98,2.71,3.27,2.212578742125787,0.0,0.0,51,0,0.04956057869786383,0.0,10.702120240942051,0.0967741935483871,0.0,0.0
51-4034,"Lathe and Turning Machine Tool Setters, Operators, and Tenders, Metal and Plastic",0.0,0.1935483870967742,0.064516129032258,48850.0,19560.0,4.0,2.5425,3.31,3.290829082908291,0.0,0.0,51,0,0.012880745672737398,0.0,10.79650965747093,0.1935483870967742,0.0,0.0
51-4035,"Milling and Planing Machine Setters, Operators, and Tenders, Metal and Plastic",0.0,0.2758620689655172,0.1379310344827586,50020.0,13990.0,3.47,3.2775,3.2099999999999995,2.9891989198919893,0.0,0.0,51,0,0.009212762370224755,0.0,10.82017820443161,0.2758620689655172,1.0,0.0
51-4041,Machinists,0.0,0.3061224489795918,0.2653061224489795,54600.0,290720.0,3.36,2.62,3.6466666666666665,2.5416999999999996,0.05511813085384656,0.0,51,0,0.19144633854694357,0.0,10.907789161732996,0.3061224489795918,0.0,0.0
51-4051,Metal-Refining Furnace Operators and Tenders,0.0,0.125,0.0833333333333333,54340.0,20870.0,2.57,3.2125,3.063333333333333,1.6414,0.0,0.0,51,0,0.013743413199899258,0.0,10.90301588298034,0.125,0.0,0.0
51-4052,"Pourers and Casters, Metal",0.0,0.0,0.0,50110.0,5460.0,2.66,3.505,2.9866666666666664,1.7995999999999999,0.0,0.0,51,0,0.0035955455712242427,0.0,10.821975867953771,0.0,1.0,0.0
51-4061,"Model Makers, Metal and Plastic",0.0,0.1935483870967742,0.1935483870967742,64920.0,2840.0,3.0,2.715,3.0766666666666667,2.893800000000001,0.0,0.0,51,0,0.001870210516900522,0.0,11.080911021628527,0.1935483870967742,0.0,0.0
51-4062,"Patternmakers, Metal and Plastic",0.0,0.217391304347826,0.2608695652173913,54550.0,2150.0,3.15,2.88,3.85,2.946794679467947,0.012437582971770597,0.0,51,0,0.0014158283842732825,0.0,10.906872991261217,0.217391304347826,0.0,0.0
51-4071,Foundry Mold and Coremakers,0.0,0.0,0.0,45130.0,11780.0,1.7,3.8274999999999997,3.4899999999999998,1.6437,0.0,0.0,51,0,0.0077574224961578,0.0,10.717302492821046,0.0,1.0,0.0
51-4072,"Molding, Coremaking, and Casting Machine Setters, Operators, and Tenders, Metal and Plastic",0.0,0.1395348837209302,0.0697674418604651,42060.0,158980.0,2.59,3.2274999999999996,3.236666666666667,1.8396,0.0027493604463913056,0.0,51,0,0.10469227745663555,0.0,10.646852449256691,0.1395348837209302,0.0,0.0
51-4081,"Multiple Machine Tool Setters, Operators, and Tenders, Metal and Plastic",0.0,0.1282051282051282,0.1794871794871795,43990.0,127790.0,3.55,2.8175,3.69,2.2961,0.10945073015158156,0.0,51,0,0.08415288801222455,0.0,10.691717614342766,0.1282051282051282,0.0,0.0
51-4111,Tool and Die Makers,0.0,0.28125,0.21875,62020.0,58150.0,3.48,2.8775,3.5700000000000003,2.6078999999999994,0.08457556420804027,0.0,51,0,0.03829321885836808,0.0,11.03521219265444,0.28125,0.0,0.0
51-4121,"Welders, Cutters, Solderers, and Brazers",0.0,0.0980392156862745,0.0784313725490196,52640.0,421730.0,2.14,2.84,3.376666666666667,2.2238223822382235,0.0036658139285218076,0.0,51,0,0.2777196765114286,0.0,10.8712315659992,0.0980392156862745,0.0,0.0
51-4122,"Welding, Soldering, and Brazing Machine Setters, Operators, and Tenders",0.0,0.0909090909090909,0.1136363636363636,47120.0,33020.0,2.62,3.29,3.4966666666666666,2.3481,0.0,0.0,51,0,0.02174448988311804,0.0,10.760452818325469,0.0909090909090909,1.0,0.0
51-4191,"Heat Treating Equipment Setters, Operators, and Tenders, Metal and Plastic",0.0,0.1764705882352941,0.1176470588235294,46540.0,14950.0,3.3,3.475,3.25,1.9059,0.0,0.0,51,0,0.009844946206923524,0.0,10.748067436856283,0.1764705882352941,1.0,0.0
51-4192,"Layout Workers, Metal and Plastic",0.0,0.2608695652173913,0.3043478260869565,60110.0,6660.0,2.18,3.715,3.5233333333333334,2.6275372462753723,0.0030112042984285917,0.0,51,0,0.004385775367097703,0.0,11.003931496033207,0.2608695652173913,1.0,0.0
51-4193,"Plating Machine Setters, Operators, and Tenders, Metal and Plastic",0.0,0.1458333333333333,0.0833333333333333,42550.0,31970.0,2.11,3.3600000000000003,3.5533333333333332,1.6575999999999997,0.001963828890279547,0.0,51,0,0.021053038811728764,0.0,10.65843513400152,0.1458333333333333,1.0,0.0
51-4194,"Tool Grinders, Filers, and Sharpeners",0.0,0.0666666666666666,0.0,48520.0,6660.0,3.18,3.4025,3.4200000000000004,2.4059594040595944,0.0,0.0,51,0,0.004385775367097703,0.0,10.789731363057987,0.0666666666666666,1.0,0.0
51-4199,,,,,44780.0,20370.0,,,,,0.0,0.0,51,0,0.013414150784951983,,10.709516890152745,,,
51-5111,Prepress Technicians and Workers,0.1018,0.8125,0.1875,46540.0,23590.0,4.6,1.755,3.7966666666666664,3.3901390139013903,0.053808911593660136,0.0,51,0,0.015534600737212434,1.0,10.748067436856283,0.7107,0.0,0.0
51-5112,Printing Press Operators,0.0,0.4,0.25,44450.0,151450.0,3.35,2.6525000000000003,3.8899999999999992,2.3054,0.0,0.0,51,0,0.0997335854875296,0.0,10.702120240942051,0.4,0.0,0.0
51-5113,Print Binding and Finishing Workers,0.0,0.1282051282051282,0.1282051282051282,40860.0,38880.0,2.83,2.7325,3.5933333333333333,2.100989901009899,0.0,0.0,51,0,0.025603445386300105,0.0,10.617906868371612,0.1282051282051282,0.0,0.0
51-6011,Laundry and Dry-Cleaning Workers,0.0,0.075,0.1,31880.0,185000.0,1.99,2.895,3.19,1.354,0.002880282372409949,0.0,51,0,0.12182709353049176,0.0,10.369734132904151,0.075,0.0,0.0
51-6021,"Pressers, Textile, Garment, and Related Materials",0.0,0.0208333333333333,0.0416666666666666,32340.0,28700.0,2.06,2.7675000000000005,3.3633333333333333,2.7132,0.0,0.0,51,0,0.018899662617973583,0.0,10.384060133131097,0.0208333333333333,0.0,0.0
51-6031,Sewing Machine Operators,0.0,0.1162790697674418,0.0465116279069767,35000.0,116130.0,1.86,1.645,2.85,1.6269626962696269,0.0,0.0,51,0,0.0764744884956541,0.0,10.46310334047155,0.1162790697674418,0.0,0.0
51-6041,Shoe and Leather Workers and Repairers,0.0,0.1176470588235294,0.1176470588235294,37030.0,7230.0,2.36,2.55,4.159999999999999,1.5638999999999998,0.0,0.0,51,0,0.004761134520137596,0.0,10.519483673907658,0.1176470588235294,0.0,0.0
51-6042,Shoe Machine Operators and Tenders,0.0,0.0869565217391304,0.0434782608695652,36570.0,4630.0,2.97,2.3975,3.3733333333333335,1.8508999999999998,0.0,0.0,51,0,0.003048969962411767,0.0,10.506983511143426,0.0869565217391304,0.0,0.0
51-6051,"Sewers, Hand",0.0,0.0833333333333333,0.0833333333333333,33860.0,3390.0,2.53,2.505,3.66,1.3657,0.0,0.0,51,0,0.0022323991733425243,0.0,10.429989655687127,0.0833333333333333,0.0,0.0
51-6052,"Tailors, Dressmakers, and Custom Sewers",0.0342,0.1363636363636363,0.1363636363636363,40190.0,14950.0,1.4,1.8249999999999997,3.84,2.3698,0.07881499946322017,0.0,51,0,0.009844946206923524,1.0,10.601373487443247,0.10216363636363629,0.0,0.0
51-6061,Textile Bleaching and Dyeing Machine Operators and Tenders,0.0211,0.1842105263157894,0.2368421052631578,37570.0,6650.0,2.99,3.6174999999999997,3.61,1.8851114888511145,0.013877724157975575,0.0,51,0,0.004379190118798757,1.0,10.533961138568015,0.1631105263157894,1.0,0.0
51-6062,"Textile Cutting Machine Setters, Operators, and Tenders",0.0152,0.2142857142857142,0.2857142857142857,37040.0,9760.0,3.05,3.27,3.1966666666666668,1.6769,0.07789854598108967,0.0,51,0,0.006427202339770808,1.0,10.519753688760115,0.1990857142857142,1.0,0.0
51-6063,"Textile Knitting and Weaving Machine Setters, Operators, and Tenders",0.032,0.1875,0.25,37880.0,15980.0,2.61,2.81,3.1466666666666665,1.9468,0.0,0.0,51,0,0.01052322678171491,1.0,10.542178547300015,0.1555,0.0,0.0
51-6064,"Textile Winding, Twisting, and Drawing Out Machine Setters, Operators, and Tenders",0.0,0.0857142857142857,0.1428571428571428,37100.0,23550.0,2.43,3.4425000000000003,3.0399999999999996,1.4616,0.0,0.0,51,0,0.015508259744016652,0.0,10.521372248595526,0.0857142857142857,1.0,0.0
51-6091,"Extruding and Forming Machine Setters, Operators, and Tenders, Synthetic and Glass Fibers",0.0,0.0689655172413793,0.1724137931034483,45270.0,14520.0,2.67,2.8175,3.8600000000000008,1.8704999999999998,0.0,0.0,51,0,0.009561780530068866,0.0,10.720399840430005,0.0689655172413793,0.0,0.0
51-6092,Fabric and Apparel Patternmakers,0.0,0.8125,0.375,66750.0,2670.0,3.73,1.96,3.9466666666666668,3.512851285128513,0.0,0.0,51,0,0.0017582612958184484,0.0,11.108709576262497,0.8125,0.0,0.0
51-6093,Upholsterers,0.0,0.2647058823529412,0.1470588235294117,44820.0,25740.0,2.29,2.9575,3.3433333333333333,1.5618,0.0036658139285218076,0.0,51,0,0.016950429121485717,0.0,10.710409747354918,0.2647058823529412,0.0,0.0
51-6099,,,,,37430.0,15080.0,,,,,0.0,0.0,51,0,0.009930554434809814,,10.530227800898475,,,
51-7011,Cabinetmakers and Bench Carpenters,0.0,0.1764705882352941,0.088235294117647,44620.0,88460.0,1.88,3.5799999999999996,4.046666666666667,2.1526,0.00877176904324869,0.0,51,0,0.0582531064524719,0.0,10.705937467986523,0.1764705882352941,1.0,0.0
51-7021,Furniture Finishers,0.0,0.0571428571428571,0.1428571428571428,42490.0,14380.0,2.55,3.2575000000000003,2.8766666666666665,1.6771,0.0,0.0,51,0,0.00946958705388363,0.0,10.657024033108858,0.0571428571428571,1.0,0.0
51-7031,"Model Makers, Wood",0.0,0.2307692307692307,0.3076923076923077,52510.0,590.0,2.1,3.0675,3.4133333333333336,2.6659,0.011782973341677383,0.0,51,0,0.00038852964963778446,0.0,10.868758906631905,0.2307692307692307,0.0,0.0
51-7032,"Patternmakers, Wood",0.0301,0.3076923076923077,0.4102564102564102,52330.0,260.0,3.07,3.155,3.986666666666667,2.5694999999999997,0.45809581913921515,0.0,51,0,0.000171216455772583,1.0,10.865325099366254,0.2775923076923077,0.0,0.0
51-7041,"Sawing Machine Setters, Operators, and Tenders, Wood",0.0,0.1176470588235294,0.0294117647058823,40120.0,43570.0,1.98,3.5275,3.1466666666666665,2.0675,0.0048441112626895965,0.0,51,0,0.028691926838505546,0.0,10.599630242075872,0.1176470588235294,1.0,0.0
51-7042,"Woodworking Machine Setters, Operators, and Tenders, Except Sawing",0.0,0.108695652173913,0.0652173913043478,40360.0,61250.0,2.01,3.6049999999999995,3.59,1.9076000000000002,0.0,0.0,51,0,0.04033464583104119,0.0,10.605594474467546,0.108695652173913,1.0,0.0
51-7099,,,,,39520.0,7830.0,,,,,0.0,0.0,51,0,0.005156249418074327,,10.584562151861805,,,
51-8011,Nuclear Power Reactor Operators,0.0,0.4545454545454546,0.2424242424242424,121240.0,5760.0,3.64,2.2800000000000002,3.94,3.273527352735273,0.0036658139285218076,0.0,51,0,0.0037931030201926075,0.0,11.705527331171739,0.4545454545454546,0.0,0.0
51-8012,Power Distributors and Dispatchers,0.0,0.6666666666666666,0.4166666666666666,105460.0,9040.0,4.47,2.5799999999999996,4.21,3.5191,0.03430154461688291,0.0,51,0,0.005953064462246732,0.0,11.566087013084461,0.6666666666666666,0.0,0.0
51-8013,Power Plant Operators,0.0257,0.22788671023965137,0.18289760348583875,91880.0,31490.0,3.2900000000000005,3.499166666666667,3.896666666666667,3.3341221959268026,0.054070755445697415,0.0,51,0,0.02073694689337938,1.0,11.428238656803035,0.20218671023965137,1.0,0.0
51-8021,Stationary Engineers and Boiler Operators,0.0,0.1860465116279069,0.2093023255813953,73170.0,33840.0,3.67,3.9050000000000002,4.243333333333333,2.8777000000000004,0.00458226741065231,0.0,51,0,0.022284480243631572,0.0,11.200540779878075,0.1860465116279069,1.0,0.0
51-8031,Water and Wastewater Treatment Plant and System Operators,0.0,0.125,0.25,58050.0,120710.0,3.54,3.84,4.09,2.6667,0.0,0.0,51,0,0.07949053221657112,0.0,10.969059987126037,0.125,1.0,0.0
51-8091,Chemical Plant and System Operators,0.0,0.2727272727272727,0.2121212121212121,79450.0,17980.0,3.6,3.9250000000000003,3.676666666666667,3.513900000000001,0.008640847117229946,0.0,51,0,0.011840276441504009,0.0,11.282883171964862,0.2727272727272727,1.0,0.0
51-8092,Gas Plant Operators,0.0723,0.125,0.15625,83020.0,15930.0,3.61,3.4149999999999996,3.833333333333334,2.6258,0.0036658139285218076,0.0,51,0,0.01049030054022018,1.0,11.32683682160703,0.0527,1.0,0.0
51-8093,"Petroleum Pump System Operators, Refinery Operators, and Gaugers",0.0405,0.3414634146341463,0.3170731707317073,88120.0,33360.0,2.81,3.585,3.7833333333333337,2.0427,0.034170622690864356,0.0,51,0,0.02196838832528219,1.0,11.38645480091628,0.30096341463414633,1.0,0.0
51-8099,"Plant and System Operators, All Other",0.0,0.1891891891891892,0.1621621621621621,59890.0,15370.0,3.72,3.7375000000000007,4.083333333333334,2.3971,0.0034039700764845215,0.0,51,0,0.010121526635479232,0.0,11.000264825258508,0.1891891891891892,1.0,0.0
51-9011,Chemical Equipment Operators and Tenders,0.0,0.217391304347826,0.0869565217391304,57350.0,120260.0,3.46,3.9299999999999997,3.513333333333333,3.0056000000000003,0.005760564744819998,0.0,51,0,0.07919419604311859,0.0,10.956928122557517,0.217391304347826,1.0,0.0
51-9012,"Separating, Filtering, Clarifying, Precipitating, and Still Machine Setters, Operators, and Tenders",0.0,0.1714285714285714,0.1714285714285714,51960.0,53170.0,3.18,3.09,3.0566666666666666,2.0478000000000005,0.0,0.0,51,0,0.03501376520549322,0.0,10.858229470784536,0.1714285714285714,0.0,0.0
51-9021,"Crushing, Grinding, and Polishing Machine Setters, Operators, and Tenders",0.0425,0.1081081081081081,0.1621621621621621,46390.0,26210.0,3.02,3.5975,3.5133333333333336,2.1715999999999998,0.0,0.0,51,0,0.017259935791536157,1.0,10.74483919774579,0.0656081081081081,1.0,0.0
51-9022,"Grinding and Polishing Workers, Hand",0.0,0.0357142857142857,0.0714285714285714,41490.0,12290.0,3.22,3.0625,3.5299999999999994,2.2108999999999996,0.0,0.0,51,0,0.008093270159404019,0.0,10.633207713326913,0.0357142857142857,0.0,0.0
51-9023,"Mixing and Blending Machine Setters, Operators, and Tenders",0.0,0.1111111111111111,0.1111111111111111,47950.0,105740.0,2.54,3.255,3.4133333333333336,2.2295999999999996,0.005891486670838641,0.0,51,0,0.06963241551304972,0.0,10.777914080311584,0.1111111111111111,1.0,0.0
51-9031,"Cutters and Trimmers, Hand",0.0,0.0,0.0,39260.0,7220.0,2.01,2.48,2.48,1.5399,0.0,0.0,51,0,0.004754549271838651,0.0,10.577961467830452,0.0,0.0,0.0
51-9032,"Cutting and Slicing Machine Setters, Operators, and Tenders",0.0321,0.0909090909090909,0.1136363636363636,44700.0,52720.0,2.83,3.3724999999999996,3.3633333333333333,1.7079707970797078,0.030242964910305366,0.0,51,0,0.03471742903204068,1.0,10.707728780601661,0.0588090909090909,1.0,0.0
51-9041,"Extruding, Forming, Pressing, and Compacting Machine Setters, Operators, and Tenders",0.0,0.075,0.125,44610.0,57080.0,3.66,3.14,3.52,2.5608,0.0,0.0,51,0,0.037588597290380915,0.0,10.705713328122311,0.075,0.0,0.0
51-9051,"Furnace, Kiln, Oven, Drier, and Kettle Operators and Tenders",0.0,0.16,0.08,47540.0,14820.0,2.79,3.2650000000000006,3.1633333333333327,2.1256,0.0030112042984285917,0.0,51,0,0.00975933797903723,0.0,10.769326740914185,0.16,1.0,0.0
51-9061,"Inspectors, Testers, Sorters, Samplers, and Weighers",0.0324,0.5625,0.3125,49260.0,584630.0,3.29,3.4225,4.133333333333334,2.3415000000000004,0.1830288525740561,0.0,51,0,0.3849933713012508,1.0,10.804867671674529,0.5301,1.0,0.0
51-9071,Jewelers and Precious Stone and Metal Workers,0.0,0.37499999999999994,0.24999999999999994,52000.0,24060.0,2.5,1.5425,4.3999999999999995,3.3051847407629618,0.036527217359199844,0.0,51,0,0.015844107407262872,0.0,10.858998997563564,0.37499999999999994,0.0,0.0
51-9081,Dental Laboratory Technicians,0.0,0.0833333333333333,0.0833333333333333,52390.0,34190.0,2.94,1.5875,3.4233333333333333,2.6702000000000004,0.0031421262244472354,0.0,51,0,0.022514963934094665,0.0,10.866471012402265,0.0833333333333333,0.0,0.0
51-9082,Medical Appliance Technicians,0.0,0.2068965517241379,0.1379310344827586,48860.0,12550.0,2.59,2.4299999999999997,4.14,4.316431643164316,0.00458226741065231,0.0,51,0,0.008264486615176604,0.0,10.79671434481173,0.2068965517241379,0.0,0.0
51-9083,Ophthalmic Laboratory Technicians,0.0,0.1875,0.125,41280.0,18240.0,3.34,2.3725,3.6300000000000003,3.0110011001100108,0.007200705931025073,0.0,51,0,0.012011492897276592,0.0,10.628133400155445,0.1875,0.0,0.0
51-9111,Packaging and Filling Machine Operators and Tenders,0.0,0.0,0.15,41200.0,371600.0,2.85,3.1975000000000007,3.51,1.9021000000000003,0.0,0.0,51,0,0.24470782678881478,0.0,10.626193535337618,0.0,0.0,0.0
51-9123,"Painting, Coating, and Decorating Workers",0.0,0.0,0.0588235294117647,44050.0,10700.0,1.47,2.61,3.9133333333333327,1.7778000000000003,0.0,0.0,51,0,0.007046215679871685,0.0,10.693080631364326,0.0,0.0,0.0
51-9124,"Coating, Painting, and Spraying Machine Setters, Operators, and Tenders",0.0,0.0652173913043478,0.0217391304347826,48480.0,155880.0,2.59,3.3525,3.3366666666666664,1.8761,0.0020947508162981903,0.0,51,0,0.10265085048396247,0.0,10.788906620743196,0.0652173913043478,1.0,0.0
51-9141,Semiconductor Processing Technicians,0.0,0.28125,0.09375,48970.0,26450.0,3.75,2.3375,3.1233333333333335,1.9986,0.0,0.0,51,0,0.017417981750710847,0.0,10.798963144696364,0.28125,0.0,0.0
51-9151,Photographic Process Workers and Processing Machine Operators,0.0108,0.68,0.34,41900.0,5770.0,4.39,2.815,4.386666666666667,2.401159884011599,0.011390207563621453,0.0,51,0,0.003799688268491554,1.0,10.643041105910228,0.6692,0.0,0.0
51-9161,Computer Numerically Controlled Tool Operators,0.0215,0.28,0.36,51030.0,187670.0,3.79,2.91,3.3866666666666667,2.8538,0.09308548939925157,0.0,51,0,0.1235853548263102,1.0,10.840168974058017,0.2585,0.0,0.0
51-9162,Computer Numerically Controlled Tool Programmers,0.1207,0.8928571428571428,0.7142857142857142,67650.0,28030.0,4.79,2.5,3.4033333333333338,3.2109000000000005,1.0643952585315286,0.0,51,0,0.018458450981944236,1.0,11.122102633598933,0.7721571428571428,0.0,0.0
51-9191,Adhesive Bonding Machine Operators and Tenders,0.0,0.064516129032258,0.0,44400.0,12510.0,2.84,2.985,3.7866666666666666,2.073907390739074,0.0,0.0,51,0,0.00823814562198082,0.0,10.700994748420316,0.064516129032258,0.0,0.0
51-9192,"Cleaning, Washing, and Metal Pickling Equipment Operators and Tenders",0.0,0.1052631578947368,0.1052631578947368,41500.0,15210.0,3.42,3.7325,3.063333333333333,1.8850114988501148,0.0027493604463913056,0.0,51,0,0.010016162662696105,0.0,10.63344870621879,0.1052631578947368,1.0,0.0
51-9193,Cooling and Freezing Equipment Operators and Tenders,0.0,0.08,0.08,44840.0,6500.0,3.37,3.6175,3.4933333333333336,1.9029000000000003,0.0,0.0,51,0,0.0042804113943145745,0.0,10.710855877186097,0.08,1.0,0.0
51-9194,Etchers and Engravers,0.0,0.2727272727272727,0.0606060606060606,42780.0,8140.0,3.44,2.3475,3.6999999999999997,2.0625062506250624,0.006938862078987786,0.0,51,0,0.005360392115341637,0.0,10.663825982636396,0.2727272727272727,0.0,0.0
51-9195,"Molders, Shapers, and Casters, Except Metal and Plastic",0.0,0.11923583662714093,0.09313038286051777,44710.0,38480.0,2.725,2.996875,3.5508333333333333,2.4463184560514653,0.057867491300237967,0.0,51,0,0.025340035454342286,0.0,10.707952469228026,0.11923583662714093,0.0,0.0
51-9196,"Paper Goods Machine Setters, Operators, and Tenders",0.0,0.0,0.0526315789473684,48910.0,96460.0,2.33,3.085,3.7833333333333328,2.00969903009699,0.0,0.0,51,0,0.06352130509162829,0.0,10.797737153533403,0.0,0.0,0.0
51-9197,Tire Builders,0.0,0.0384615384615384,0.0,53930.0,20660.0,2.98,3.305,3.426666666666667,1.8606,0.0,0.0,51,0,0.013605122985621403,0.0,10.895442188331273,0.0384615384615384,1.0,0.0
51-9198,Helpers--Production Workers,0.0393,0.1333333333333333,0.1111111111111111,38160.0,181810.0,2.62,3.195,3.3799999999999994,1.8705000000000003,0.0066770182269504,0.0,51,0,0.11972639932312813,1.0,10.549543125562224,0.0940333333333333,0.0,0.0
51-9199,,,,,41400.0,243500.0,,,,,0.0,0.0,51,0,0.16035079607932293,,10.631036159813405,,,
53-1041,Aircraft Cargo Handling Supervisors,0.0,0.5,0.0,64950.0,9020.0,3.86,3.8674999999999997,4.693333333333333,2.7568,0.0,0.0,53,0,0.005939895142659665,0.0,11.081373022098745,0.5,1.0,1.0
53-1042,,,0.49923371647509573,0.5659003831417625,,,4.135,3.1887499999999998,4.631666666666667,3.5920000000000005,0.04647728373661611,0.0,53,0,,,,,0.0,1.0
53-1043,,,0.5897435897435898,0.4615384615384615,,,3.96,3.7575000000000003,4.816666666666666,4.0173000000000005,0.0052368770407453915,0.0,53,0,,,,,1.0,1.0
53-1044,,,0.5263157894736842,0.3684210526315789,,,,,,,0.012786708107820113,0.0075498310670747215,53,0,,,,,,
53-1047,,,,,63840.0,594330.0,,,,,0.0,0.0,53,0,0.39138113970475813,,11.064135232123691,,,
53-1049,,,,,,,,,,,0.0052368770407453915,0.0,53,0,,,,,,
53-2011,"Airline Pilots, Copilots, and Flight Engineers",0.0,0.6136363636363636,0.4545454545454546,250050.0,93670.0,3.54,2.435,4.13,4.629037096290371,0.007855315561118289,0.0,53,0,0.06168403303912759,0.0,12.42941617684705,0.6136363636363636,0.0,0.0
53-2012,Commercial Pilots,0.0,0.3636363636363636,0.4318181818181818,138010.0,52750.0,3.07,2.555,3.89,2.6689999999999996,0.0020947508162981903,0.0,53,0,0.03473719166023252,0.0,11.835081425282086,0.3636363636363636,0.0,0.0
53-2021,Air Traffic Controllers,0.0,0.5909090909090909,0.6136363636363636,136790.0,22310.0,3.46,1.5525,4.36,3.626762676267626,0.017019850382422808,0.0,53,0,0.014691691866157111,0.0,11.82620218208349,0.5909090909090909,0.0,0.0
53-2022,Airfield Operations Specialists,0.0476,0.6341463414634146,0.6585365853658537,62140.0,18320.0,3.77,3.48,4.8500000000000005,4.346699999999999,0.010211910229453666,0.0,53,0,0.012064177274226725,1.0,11.037145182947038,0.5865463414634147,1.0,1.0
53-2031,Flight Attendants,0.0913,0.1875,0.25,70980.0,126020.0,2.81,3.12,4.823333333333334,2.7552999999999996,0.0036658139285218076,0.0,53,0,0.08298731550753559,1.0,11.170153426200487,0.0962,0.0,1.0
53-3011,"Ambulance Drivers and Attendants, Except Emergency Medical Technicians",0.0,0.0909090909090909,0.0909090909090909,34420.0,11520.0,3.09,3.2375000000000003,4.34,2.6483648364836485,0.0,0.0,53,0,0.007586207543618552,0.0,10.44639306976553,0.0909090909090909,0.0,0.0
53-3031,Driver/Sales Workers,0.0281,0.5,0.2777777777777778,38230.0,463120.0,2.41,3.8075,4.423333333333333,1.6489999999999998,0.01701985038242291,0.0,53,0,0.3049760796528319,1.0,10.551375826690458,0.4719,1.0,1.0
53-3032,Heavy and Tractor-Trailer Truck Drivers,0.0,0.3653846153846154,0.3076923076923077,55990.0,2044400.0,2.82,2.8825000000000003,3.9933333333333336,1.950895089508951,0.029850199132249337,0.0,53,0,1.3462884290081398,0.0,10.932928382342938,0.3653846153846154,0.0,0.0
53-3033,Light Truck Drivers,0.0,0.5,0.5,46090.0,1003960.0,2.17,3.2800000000000002,4.1066666666666665,1.7946,0.0,0.0,53,0,0.6611327192266737,0.0,10.738351285714554,0.5,1.0,0.0
53-3051,"Bus Drivers, School",0.0,0.3529411764705882,0.3529411764705882,45210.0,371530.0,1.83,2.4975,3.896666666666667,1.6616999999999997,0.004778650299680275,0.0,53,0,0.24466177853130214,0.0,10.71907358028865,0.3529411764705882,0.0,0.0
53-3052,"Bus Drivers, Transit and Intercity",0.0,0.2592592592592592,0.3333333333333333,59860.0,184990.0,2.48,2.0375,4.11,1.916291629162916,0.0,0.0,53,0,0.12182053242135382,0.0,10.99976378140669,0.2592592592592592,0.0,0.0
53-3053,Shuttle Drivers and Chauffeurs,0.0,0.3076923076923077,0.3076923076923077,36920.0,204930.0,2.83,2.7075,4.12,2.3606,0.008509925191211404,0.0,53,0,0.1349515201314019,0.0,10.516508688616788,0.3076923076923077,0.0,0.0
53-3054,Taxi Drivers,0.0,0.3125,0.375,35120.0,17770.0,,,,,0.0037312748915311294,0.0,53,0,0.01170198854601577,0.0,10.466526047749053,0.3125,,
53-3099,,,,,39970.0,51140.0,,,,,0.0,0.0,53,0,0.033676966474015,,10.59588445170537,,,
53-4011,Locomotive Engineers,0.0,0.3571428571428571,0.3928571428571428,75870.0,32390.0,2.32,3.08,4.206666666666667,2.34,0.005367798966764068,0.0,53,0,0.021329623466823343,0.0,11.236776628332121,0.3571428571428571,0.0,0.0
53-4013,"Rail Yard Engineers, Dinkey Operators, and Hostlers",0.0,0.2045454545454545,0.1136363636363636,57580.0,2430.0,2.79,3.2525,3.89,2.0924,0.007986237487136932,0.0,53,0,0.0016002156537320384,0.0,10.960930564166167,0.2045454545454545,0.0,0.0
53-4022,"Railroad Brake, Signal, and Switch Operators and Locomotive Firers",0.0,0.2499999999999999,0.0833333333333333,62840.0,13610.0,1.92,3.2075000000000005,3.86,,0.00706978400500643,0.0,53,0,0.008962524710820182,0.0,11.048347092369557,0.2499999999999999,0.0,0.0
53-4031,Railroad Conductors and Yardmasters,0.0,0.4722222222222222,0.4166666666666666,72220.0,46490.0,3.2,3.2950000000000004,4.233333333333333,2.2638,0.0,0.0,53,0,0.030614825408231468,0.0,11.18747229483145,0.4722222222222222,1.0,0.0
53-4041,Subway and Streetcar Operators,0.0,0.4090909090909091,0.4090909090909091,77370.0,14860.0,2.16,2.815,4.07,2.1806,0.008379003265192761,0.0,53,0,0.009785680911299626,0.0,11.2563543875435,0.4090909090909091,0.0,0.0
53-4099,,,,,50730.0,1830.0,,,,,0.0,0.0,53,0,0.0012051006775019055,,10.834272730560736,,,
53-5011,Sailors and Marine Oilers,0.0,0.0638297872340425,0.0212765957446808,53470.0,29960.0,2.28,3.8375000000000004,3.85,2.0727,0.0,0.0,53,0,0.019729407813091304,0.0,10.886876027942778,0.0638297872340425,1.0,0.0
53-5021,"Captains, Mates, and Pilots of Water Vessels",0.0,0.3272727272727272,0.3454545454545454,97820.0,34520.0,2.85,3.5050000000000003,4.293333333333334,2.8945000000000003,0.0036658139285218076,0.0,53,0,0.022732281632440315,0.0,11.490884334093348,0.3272727272727272,1.0,0.0
53-5022,Motorboat Operators,0.0,0.0,0.2580645161290322,51810.0,2710.0,2.38,2.9699999999999998,4.38,2.4962999999999997,0.0,0.0,53,0,0.0017846026426394338,0.0,10.855338459808834,0.0,0.0,0.0
53-5031,Ship Engineers,0.0,0.21875,0.28125,100550.0,8860.0,2.79,3.6900000000000004,3.78,3.1974,0.0,0.0,53,0,0.005834531148998297,0.0,11.518410395200798,0.21875,1.0,0.0
53-6011,Bridge and Lock Tenders,0.0,0.2857142857142857,0.3214285714285714,50070.0,3460.0,2.63,2.8175,3.8800000000000003,2.05,0.0,0.0,53,0,0.0022784963629271,0.0,10.82117730532399,0.2857142857142857,0.0,0.0
53-6021,Parking Attendants,0.0,0.1785714285714285,0.2142857142857142,32700.0,118130.0,2.16,3.1374999999999997,4.37,1.6555,0.005629642818801355,0.0,53,0,0.07779155357010933,0.0,10.395130356885344,0.1785714285714285,0.0,0.0
53-6031,Automotive and Watercraft Service Attendants,0.0,0.1304347826086956,0.1304347826086956,34530.0,92530.0,2.41,4.2775,4.626666666666666,2.1121,0.01793630386455341,0.0,53,0,0.060933314584290334,0.0,10.449583790384038,0.1304347826086956,1.0,1.0
53-6032,,,0.1666666666666666,0.1111111111111111,42110.0,24940.0,,,,,0.0,0.0,53,0,0.01642361251196586,,10.648040521155973,,,
53-6041,Traffic Technicians,0.0,0.8148148148148148,0.7407407407407407,56680.0,7530.0,3.98,2.7325,3.97,3.4014401440144013,0.007724393635099545,0.0,53,0,0.004958692951688168,0.0,10.945176693804617,0.8148148148148148,0.0,0.0
53-6051,Transportation Inspectors,0.0,0.6381313131313131,0.4085858585858586,83920.0,27670.0,3.2633333333333336,3.5625,4.228888888888889,3.0116,0.0,0.0,53,0,0.018221385653812965,0.0,11.33761924307018,0.6381313131313131,1.0,0.0
53-6061,Passenger Attendants,0.1169,0.2777777777777778,0.2777777777777778,36780.0,20190.0,1.39,2.6675,3.6733333333333333,1.8625137486251377,0.008117159413155474,0.0,53,0,0.013295618950143973,1.0,10.512709498158312,0.1608777777777778,0.0,0.0
53-6099,,,,,43530.0,10940.0,,,,,0.0,0.0,53,0,0.0072042630665960904,,10.681205634546343,,,
53-7011,Conveyor Operators and Tenders,0.0,0.1379310344827586,0.2758620689655172,42900.0,24660.0,2.64,3.3075,2.89,1.407,0.018590913494646425,0.0,53,0,0.016239225523058464,0.0,10.666627104916108,0.1379310344827586,1.0,0.0
53-7021,Crane and Tower Operators,0.0,0.2631578947368421,0.0526315789473684,68040.0,42260.0,2.49,3.1475,3.766666666666667,2.5279000000000003,0.0,0.0,53,0,0.02782926482580903,0.0,11.127851046509798,0.2631578947368421,0.0,0.0
53-7031,Dredge Operators,0.0,0.0,0.0,53700.0,940.0,1.57,3.03,3.5566666666666666,2.0994,0.0,0.0,53,0,0.0006190134627605417,0.0,10.891168280496956,0.0,0.0,0.0
53-7041,Hoist and Winch Operators,0.0,0.0,0.1904761904761904,65810.0,2230.0,2.32,3.1325,3.783333333333333,2.1391000000000004,0.0,0.0,53,0,0.0014685106616553274,0.0,11.094527081450165,0.0,0.0,0.0
53-7051,Industrial Truck and Tractor Operators,0.0,0.0625,0.0625,45720.0,778920.0,3.28,3.6025,3.66,1.8556,0.0,0.0,53,0,0.5129382621419586,0.0,10.730291117908747,0.0625,1.0,0.0
53-7061,Cleaners of Vehicles and Equipment,0.0,0.1111111111111111,0.0,35250.0,365290.0,2.52,3.8225,3.356666666666667,2.1839183918391836,0.0024875165943541197,0.0,53,0,0.24055258277850874,0.0,10.470220808240414,0.1111111111111111,1.0,0.0
53-7062,"Laborers and Freight, Stock, and Material Movers, Hand",0.0,0.0417391304347826,0.08173913043478259,39760.0,3008300.0,2.075,3.795,3.4933333333333336,2.5296,0.002880282372409949,0.0,53,0,1.9810406383218482,0.0,10.590616660770511,0.0417391304347826,1.0,0.0
53-7063,Machine Feeders and Offbearers,0.0,0.0909090909090909,0.1818181818181818,41000.0,44500.0,2.3,3.0475000000000003,3.266666666666667,1.9016,0.0,0.0,53,0,0.029304360737068193,0.0,10.621327345686446,0.0909090909090909,0.0,0.0
53-7064,"Packers and Packagers, Hand",0.0,0.1,0.2,35450.0,645210.0,2.75,3.4149999999999996,3.8366666666666664,1.9487999999999996,0.0,0.0,53,0,0.42488688968907345,0.0,10.475878531960273,0.1,1.0,0.0
53-7065,Stockers and Order Fillers,0.0,0.2545454545454545,0.2727272727272727,37990.0,2872680.0,3.05,2.815,4.486666666666667,2.6568,0.02330410283131728,0.02330410283131728,53,0,1.8917314831946304,0.0,10.54507824618167,0.2545454545454545,0.0,1.0
53-7071,Gas Compressor and Gas Pumping Station Operators,0.0,0.3076923076923077,0.1538461538461538,63810.0,4400.0,3.85,3.675,3.6266666666666665,2.7424000000000004,0.0,0.0,53,0,0.0028975098256876415,0.0,11.063665196862393,0.3076923076923077,1.0,0.0
53-7072,"Pump Operators, Except Wellhead Pumpers",0.0,0.3333333333333333,0.3333333333333333,58650.0,11570.0,2.69,3.45,3.91,3.0976097609760975,0.001963828890279547,0.0,53,0,0.0076191337916377295,0.0,10.979342854081622,0.3333333333333333,1.0,0.0
53-7073,Wellhead Pumpers,0.0,0.0,0.0,69930.0,18230.0,3.53,3.4325,3.9633333333333334,2.3178,0.0,0.0,53,0,0.012004910027792205,0.0,11.155250020697913,0.0,1.0,0.0
53-7081,Refuse and Recyclable Material Collectors,0.0,0.2142857142857142,0.3571428571428571,47810.0,135430.0,1.55,3.2175000000000002,3.373333333333333,2.3771,0.0,0.0,53,0,0.08918403538474484,0.0,10.77499010162015,0.2142857142857142,0.0,0.0
53-7121,"Tank Car, Truck, and Ship Loaders",0.0,0.0714285714285714,0.25,60530.0,11400.0,2.82,3.9450000000000003,4.12,2.007400740074007,0.0,0.0,53,0,0.007507184548372526,0.0,11.010894388885733,0.0714285714285714,1.0,0.0
53-7199,,,,,45840.0,23970.0,,,,,0.007855315561118239,0.0,53,0,0.01578484330039381,,10.732912351388622,,,
